employer_name,job_title,salary_raw,salary_min,salary_max,platform,position_link,career_website
Tesla,"Internship, Controls Engineer, Manufacturing (Fall 2025)",null,null,null,Handshake,N/A,Tesla Careers
Tesla,"Internship, Equipment Engineer, Manufacturing (Winter/Spring 2026)",null,null,null,Handshake,N/A,Tesla Careers
Tesla,"Internship, Construction Project Management, Infrastructure (Fall 2025)",null,null,null,Handshake,N/A,Tesla Careers
Tesla,"Internship, 3D Generalist, Vehicle User Interface (Summer 2025)",null,null,null,Handshake,N/A,Tesla Careers
Tesla,Sr. Industrial Engineer,null,null,null,Handshake,N/A,Tesla Careers
Tesla,"Internship, IT Operations Intern, Infrastructure Engineering (Fall 2025)",null,null,null,Handshake,N/A,Tesla Careers
Tesla,"Internship, Security Services Coordinator, Security Systems Engineering (Fall 2025)",null,null,null,Handshake,N/A,Tesla Careers
Tesla,"Internship, Architecture & Structural Engineer, Infrastructure (Fall 2025)",null,null,null,Handshake,N/A,Tesla Careers
Tesla,"Internship, Architecture & Structural Engineer, Infrastructure (Winter/Spring 2026)",null,null,null,Handshake,N/A,Tesla Careers
Tesla,"Internship, Software Validation Engineer, Vehicle Firmware (Fall 2025)",null,null,null,Handshake,N/A,Tesla Careers
Tesla,Entry Level Chemical Operator,null,null,null,Handshake,N/A,Tesla Careers
Tesla,"Internship, Systems Integration Engineer Low Voltage Power Management, Vehicle Firmware (Fall 2025)",null,null,null,Handshake,N/A,Tesla Careers
Tesla,"Internship, Vulnerability Research & Security Engineering, Vehicle Software (Fall 2025)",null,null,null,Handshake,N/A,Tesla Careers
Tesla,"Internship, Controls Engineer, Manufacturing (Winter/Spring 2026)",null,null,null,Handshake,N/A,Tesla Careers
Tesla,Tesla Advisor Part-Time,null,null,null,Handshake,N/A,Tesla Careers
Tesla,"Internship, Launch Engineer, Manufacturing (Winter/Spring 2026)",null,null,null,Handshake,N/A,Tesla Careers
Tesla,"Internship, Cell Engineering (Winter/Spring 2026)",null,null,null,Handshake,N/A,Tesla Careers
Tesla,"Diagnostics Engineer, Robotaxi Operations",null,null,null,Handshake,N/A,Tesla Careers
Tesla,Controls Technician,null,null,null,Handshake,N/A,Tesla Careers
Tesla,"Internship, Audio Visual Technician, Applications Engineering (Fall 2025)",null,null,null,Handshake,N/A,Tesla Careers
Tesla,"Internship, Construction Project Management, Infrastructure (Winter/Spring 2026)",null,null,null,Handshake,N/A,Tesla Careers
Tesla,"Internship, Red Team Security Engineer, Vehicle Software (Fall 2025)",null,null,null,Handshake,N/A,Tesla Careers
Tesla,"Internship, Product Security Engineer, Vehicle Software (Winter/Spring 2026)",null,null,null,Handshake,N/A,Tesla Careers
Tesla,"Internship, Supply Chain (Spring 2026)",null,null,null,Handshake,N/A,Tesla Careers
Tesla,"Internship, Factory Firmware Embedded Software Engineer, Vehicle Software (Fall 2025)",null,null,null,Handshake,N/A,Tesla Careers
Tesla,"Internship, Integration Platforms Software Developer, Vehicle Firmware (Fall 2025)",null,null,null,Handshake,N/A,Tesla Careers
Tesla,"Internship, Equipment Engineer, Manufacturing (Winter/Spring 2026)",null,null,null,Handshake,N/A,Tesla Careers
Tesla,"Internship, Quality Engineer, Manufacturing (Winter/Spring 2026)",null,null,null,Handshake,N/A,Tesla Careers
Tesla,(Spring 2025 Jan-May) Engineering Program Manager Internship,null,null,null,Handshake,N/A,Tesla Careers
Tesla,"Internship, Materials Engineering (Fall 2025)",null,null,null,Handshake,N/A,Tesla Careers
Tesla,https://www.tesla.com/careers/search/job/internship-security-services-coordinator-security-systems-engineering-fall-2025-243559,null,null,null,Handshake,N/A,Tesla Careers
Tesla,"Internship, Audio Visual Technician, Applications Engineering (Winter/Spring 2026)",null,null,null,Handshake,N/A,Tesla Careers
Tesla,"Manufacturing Engineering Intern (6-8 Months, Fall 2025+Spring 2026)",null,null,null,Handshake,N/A,Tesla Careers
Tesla,"Internship, Technical Illustrator, Service Engineering (Summer 2025)",null,null,null,Handshake,N/A,Tesla Careers
Tesla,"Internship, Controls Engineer, Manufacturing (Winter/Spring 2026)",null,null,null,Handshake,N/A,Tesla Careers
Tesla,"Internship, Security Systems Engineer, Life Safety Communications (Winter/Spring 2026)",null,null,null,Handshake,N/A,Tesla Careers
Tesla,Vehicle Detailing Specialist,null,null,null,Handshake,N/A,Tesla Careers
Tesla,"Internship, Industrial Engineer, Supply Chain (Winter/Spring 2026)",null,null,null,Handshake,N/A,Tesla Careers
Tesla,"Internship, Process Engineer, Manufacturing (Winter/Spring 2026)",null,null,null,Handshake,N/A,Tesla Careers
Tesla,"Internship, Process Engineer, Manufacturing (Fall 2025)",null,null,null,Handshake,N/A,Tesla Careers
Tesla,"Diagnostics Engineer, Semi",null,null,null,Handshake,N/A,Tesla Careers
Tesla,Data Engineer Intern,null,null,null,Handshake,N/A,Tesla Careers
Tesla,"Internship, Body Controls Systems Integration Engineer, Vehicle Firmware (Fall 2025)",null,null,null,Handshake,N/A,Tesla Careers
Tesla,"Internship, Quality Engineer, Manufacturing (Fall 2025)",null,null,null,Handshake,N/A,Tesla Careers
Tesla,"Internship, Technical Editor, Service Engineering (Fall 2025)",null,null,null,Handshake,N/A,Tesla Careers
Tesla,"Internship, Haskell Software Developer, Vehicle Firmware (Fall 2025)",null,null,null,Handshake,N/A,Tesla Careers
Tesla,"Internship, Industrial Engineer, Manufacturing (Winter/Spring 2026)",null,null,null,Handshake,N/A,Tesla Careers
Tesla,"Internship, Audio Visual Technician, Applications Engineering (Fall 2025)",null,null,null,Handshake,N/A,Tesla Careers
Tesla,"Internship, Red Team Security Engineer, Vehicle Software (Winter/Spring 2026)",null,null,null,Handshake,N/A,Tesla Careers
Tesla,Student Architectural Intern,null,null,null,Handshake,N/A,Tesla Careers
Tesla,"Internship, Launch Engineer, Manufacturing (Fall 2025)",null,null,null,Handshake,N/A,Tesla Careers
Tesla,"Internship, Process Engineer, Manufacturing (Winter/Spring 2026)",null,null,null,Handshake,N/A,Tesla Careers
Tesla,"Internship, Technical Editor, Vehicle Service (Summer 2025)",null,null,null,Handshake,N/A,Tesla Careers
Tesla,"Internship, Industrial Engineer, Manufacturing (Winter/Spring 2026)",null,null,null,Handshake,N/A,Tesla Careers
Tesla,"Internship, Equipment Engineer, Manufacturing (Fall 2025)",null,null,null,Handshake,N/A,Tesla Careers
Tesla,"h Internship, 3D Generalist, Vehicle User Interface (Fall 2025)",null,null,null,Handshake,N/A,Tesla Careers
Tesla,"Internship, Technical Editor, Service Engineering (Fall 2025)",null,null,null,Handshake,N/A,Tesla Careers
Tesla,"Internship, BIM Specialist, Security Engineering (Fall 2025)",null,null,null,Handshake,N/A,Tesla Careers
Tesla,"Internship, Thermal Systems Embedded Software Engineer, Vehicle Firmware (Fall 2025)",null,null,null,Handshake,N/A,Tesla Careers
Tesla,"Internship, Launch Engineer, Manufacturing (Winter/Spring 2026)",null,null,null,Handshake,N/A,Tesla Careers
Tesla,"Internship, Industrial Engineer, Manufacturing (Fall 2025)",null,null,null,Handshake,N/A,Tesla Careers
ResMed,Test Engineering Intern,null,null,null,Handshake,N/A,Resmed Career
ResMed,Machine Learning Operations Intern,null,null,null,Handshake,N/A,Resmed Career
ResMed,CX Ops Intern,null,null,null,Handshake,N/A,Resmed Career
ResMed,Machine Learning Engineering Intern,null,null,null,Handshake,N/A,Resmed Career
ResMed,Software Engineering Intern,null,null,null,Handshake,N/A,Resmed Career
ResMed,Software Test Engineering Intern,null,null,null,Handshake,N/A,Resmed Career
ResMed,Software Engineering Intern,null,null,null,Handshake,N/A,Resmed Career
ResMed,Test Engineering Intern,null,null,null,Handshake,N/A,Resmed Career
ResMed,Automation Specialist Intern,null,null,null,Handshake,N/A,Resmed Career
ResMed,"Associate Analyst, IT Support Intern",null,null,null,Handshake,N/A,Resmed Career
ResMed,Manufacturing Engineering Intern,null,null,null,Handshake,N/A,Resmed Career
ResMed,Android Developer Intern,null,null,null,Handshake,N/A,Resmed Career
ResMed,Data Scientist Engineering Intern,null,null,null,Handshake,N/A,Resmed Career
ResMed,GenAI Machine Learning Intern,null,null,null,Handshake,N/A,Resmed Career
ResMed,Continuous Improvement Intern,null,null,null,Handshake,N/A,Resmed Career
ResMed,Process Engineering Intern,null,null,null,Handshake,N/A,Resmed Career
ResMed,Technical Program Manager Intern,null,null,null,Handshake,N/A,Resmed Career
ResMed,Associate Platform Engineering Intern,null,null,null,Handshake,N/A,Resmed Career
Oldcastle Infrastructure,Operations & Supply Chain Summer Intern,null,null,null,Handshake,N/A,Oldcastle_Infrastructure
Oldcastle Infrastructure,Materials Science Engineer Intern,null,null,null,Handshake,N/A,Oldcastle_Infrastructure
Oldcastle Infrastructure,Estimating and Project Support Engineer Intern,null,null,null,Handshake,N/A,Oldcastle_Infrastructure
Oldcastle Infrastructure,Business Performance Intern (Artificial Intelligence),null,null,null,Handshake,N/A,Oldcastle_Infrastructure
Oldcastle Infrastructure,Sales Operations Analyst Intern,null,null,null,Handshake,N/A,Oldcastle_Infrastructure
Oldcastle Infrastructure,Data Analyst Intern,null,null,null,Handshake,N/A,Oldcastle_Infrastructure
Oldcastle Infrastructure,Finance Intern,null,null,null,Handshake,N/A,Oldcastle_Infrastructure
Oldcastle Infrastructure,Operations & Supply Chain Summer Intern,null,null,null,Handshake,N/A,Oldcastle_Infrastructure
Oldcastle Infrastructure,EPM Finance Analyst Intern,null,null,null,Handshake,N/A,Oldcastle_Infrastructure
Oldcastle Infrastructure,Customer Service Intern,null,null,null,Handshake,N/A,Oldcastle_Infrastructure
Oldcastle Infrastructure,Marketing Intern ( Hydro),null,null,null,Handshake,N/A,Oldcastle_Infrastructure
Oldcastle Infrastructure,Corporate EHS Intern,null,null,null,Handshake,N/A,Oldcastle_Infrastructure
General Atomics,General Atomics - Legal Assistant 2025,null,null,null,Handshake,N/A,Careers | General Atomics
General Atomics,Summer 2026- Legal Intern,null,null,null,Handshake,N/A,Careers | General Atomics
General Atomics,Summer 2026 Software Intern,null,null,null,Handshake,N/A,Careers | General Atomics
General Atomics,Legal Intern-Year-round  (Undergraduate),null,null,null,Handshake,N/A,Careers | General Atomics
General Atomics,Summer 2026 Engineering Intern,null,null,null,Handshake,N/A,Careers | General Atomics
General Atomics,Summer 2026 Business Intern,null,null,null,Handshake,N/A,Careers | General Atomics
General Atomics,Summer 2026 IT Systems Intern,null,null,null,Handshake,N/A,Careers | General Atomics
ASML,Co-Op Mechanical Design Engineer Spring 2026,null,null,null,Handshake,N/A,ASML Careers
ASML,System Industrialisation Engineer,null,null,null,Handshake,N/A,ASML Careers
ASML,Internship - Customer Support,null,null,null,Handshake,N/A,ASML Careers
ASML,Senior System Integration and Test Engineer,null,null,null,Handshake,N/A,ASML Careers
ASML,Senior CS Technical Support Engineer,null,null,null,Handshake,N/A,ASML Careers
ASML,Internship - Field Service Engineering - EUV,null,null,null,Handshake,N/A,ASML Careers
ASML,Mechanical Engineer,null,null,null,Handshake,N/A,ASML Careers
ASML,Internship- Community & Employee Engagement,null,null,null,Handshake,N/A,ASML Careers
ASML,Internship- Customer Badging,null,null,null,Handshake,N/A,ASML Careers
ASML,"Internship- Organization, Talent, and Leadership Development",null,null,null,Handshake,N/A,ASML Careers
ASML,Business Process Analyst Co-Op - Spring 2026,null,null,null,Handshake,N/A,ASML Careers
ASML,Technical Project Lead,null,null,null,Handshake,N/A,ASML Careers
ASML,Internship in  Customer Support Engineer,null,null,null,Handshake,N/A,ASML Careers
ASML,System Integration and Test Engineer,null,null,null,Handshake,N/A,ASML Careers
ASML,Electrical Engineer,null,null,null,Handshake,N/A,ASML Careers
ASML,Senior Software Engineer 1,null,null,null,Handshake,N/A,ASML Careers
ASML,Internship- Community & Employee Engagement,null,null,null,Handshake,N/A,ASML Careers
ASML,Senior Competence Engineer,null,null,null,Handshake,N/A,ASML Careers
ASML,Co-op Business Process Analyst,null,null,null,Handshake,N/A,ASML Careers
ASML,Senior Data Analyst,null,null,null,Handshake,N/A,ASML Careers
ASML,Internship- University Relations,null,null,null,Handshake,N/A,ASML Careers
ASML,Senior CS Technical Support Engineer,null,null,null,Handshake,N/A,ASML Careers
ASML,Senior CS Technical Support Engineer,null,null,null,Handshake,N/A,ASML Careers
ASML,Lean Expert,null,null,null,Handshake,N/A,ASML Careers
ASML,Quality Engineer,null,null,null,Handshake,N/A,ASML Careers
ASML,Internship - Quality Engineer - Summer 2026,null,null,null,Handshake,N/A,ASML Careers
ASML,Internship - Customer Support Engineer,null,null,null,Handshake,N/A,ASML Careers
ASML,Senior Data Analyst,null,null,null,Handshake,N/A,ASML Careers
ASML,Internship- People Operations- Human Resources,null,null,null,Handshake,N/A,ASML Careers
ASML,Software Engineer,null,null,null,Handshake,N/A,ASML Careers
ASML,Technical Project Lead,null,null,null,Handshake,N/A,ASML Careers
ASML,Co-Op Reliability Engineer,null,null,null,Handshake,N/A,ASML Careers
ASML,Systems Integration Co-Op - Spring 2026,null,null,null,Handshake,N/A,ASML Careers
ASML,Senior Software Engineer,null,null,null,Handshake,N/A,ASML Careers
ASML,Senior IT Applications Engineer,null,null,null,Handshake,N/A,ASML Careers
ASML,Software Engineer,null,null,null,Handshake,N/A,ASML Careers
ASML,Internship -Test and Measurement Facility Engineer - Summer 2026,null,null,null,Handshake,N/A,ASML Careers
ASML,Internship - Field Service Engineer,null,null,null,Handshake,N/A,ASML Careers
ASML,Co-op - Test and Measurement Facility Engineer - Spring 2026,null,null,null,Handshake,N/A,ASML Careers
ASML,Software Engineer,null,null,null,Handshake,N/A,ASML Careers
ASML,Quality Engineering Co-Op - Spring 2026,null,null,null,Handshake,N/A,ASML Careers
Dexcom,Senior Manager of Systems Engineering - Hardware & Firmware,"$164,200.00 - $273,600.00","$164,200.00","$273,600.00",Website,https://careers.dexcom.com/careers?domain=dexcom.com&start=0&location=San+Diego%2C+CA%2C+United+States&pid=38527152&sort_by=distance&filter_distance=80&filter_include_remote=1,Dexcom Careers and Job Opportunities
Dexcom,Senior Medical Device Engineer,"$105,800.00 - $176,300.00","$105,800.00","$176,300.00",Website,https://careers.dexcom.com/careers?domain=dexcom.com&start=0&location=San+Diego%2C+CA%2C+United+States&pid=38528658&sort_by=distance&filter_distance=80&filter_include_remote=1,Dexcom Careers and Job Opportunities
Dexcom,Product Manager,"$122,500.00 - $204,100.00","$122,500.00","$204,100.00",Website,https://careers.dexcom.com/careers?domain=dexcom.com&start=0&location=San+Diego%2C+CA%2C+United+States&pid=38600257&sort_by=distance&filter_distance=80&filter_include_remote=1,Dexcom Careers and Job Opportunities
Dexcom,"Sr. Research Scientist, AI Experience (Data Scientist 3)","$116,600.00 - $194,400.00","$116,600.00","$194,400.00",Website,https://careers.dexcom.com/careers?domain=dexcom.com&start=0&location=San+Diego%2C+CA%2C+United+States&pid=38634309&sort_by=distance&filter_distance=80&filter_include_remote=1,Dexcom Careers and Job Opportunities
Dexcom,Commercial Pricing Analyst,"$61,900.00 - $103,100.00","$61,900.00","$103,100.00",Website,https://careers.dexcom.com/careers?domain=dexcom.com&start=0&location=San+Diego%2C+CA%2C+United+States&pid=38634681&sort_by=distance&filter_distance=80&filter_include_remote=1,Dexcom Careers and Job Opportunities
Dexcom,Staff Process Engineer,"$111,100.00 - $185,100.00","$111,100.00","$185,100.00",Website,https://careers.dexcom.com/careers?domain=dexcom.com&start=0&location=San+Diego%2C+CA%2C+United+States&pid=38650202&sort_by=distance&filter_distance=80&filter_include_remote=1,Dexcom Careers and Job Opportunities
Dexcom,Staff Process Engineer,"$111,100.00 - $185,100.00","$111,100.00","$185,100.00",Website,https://careers.dexcom.com/careers?domain=dexcom.com&start=0&location=San+Diego%2C+CA%2C+United+States&pid=38650202&sort_by=distance&filter_distance=80&filter_include_remote=1,Dexcom Careers and Job Opportunities
Dexcom,Director of Medical Device Engineering - Sensor Development,"$190,100.00 - $316,800.00","$190,100.00","$316,800.00",Website,https://careers.dexcom.com/careers?domain=dexcom.com&start=0&location=San+Diego%2C+CA%2C+United+States&pid=38689354&sort_by=distance&filter_distance=80&filter_include_remote=1,Dexcom Careers and Job Opportunities
Dexcom,Sr Manager Molding Engineering,"$149,000.00 - $248,300.00","$149,000.00","$248,300.00",Website,https://careers.dexcom.com/careers?domain=dexcom.com&start=0&location=San+Diego%2C+CA%2C+United+States&pid=38691824&sort_by=distance&filter_distance=80&filter_include_remote=1,Dexcom Careers and Job Opportunities
Dexcom,Principal Engineer - Head of Sensor Production Support,"$181,000.00 - $301,600.00","$181,000.00","$301,600.00",Website,https://careers.dexcom.com/careers?domain=dexcom.com&start=0&location=San+Diego%2C+CA%2C+United+States&pid=38067926&sort_by=distance&filter_distance=80&filter_include_remote=1,Dexcom Careers and Job Opportunities
Dexcom,Senior Staff Systems Engineer,"$149,000.00 - $248,300.00","$149,000.00","$248,300.00",Website,https://careers.dexcom.com/careers?domain=dexcom.com&start=0&location=San+Diego%2C+CA%2C+United+States&pid=38258935&sort_by=distance&filter_distance=80&filter_include_remote=1,Dexcom Careers and Job Opportunities
Dexcom,Senior Systems Engineer - Hardware Platforms,"$111,100.00 - $185,100.00","$111,100.00","$185,100.00",Website,https://careers.dexcom.com/careers?domain=dexcom.com&start=0&location=San+Diego%2C+CA%2C+United+States&pid=38259335&sort_by=distance&filter_distance=80&filter_include_remote=1,Dexcom Careers and Job Opportunities
Dexcom,"Sr Product Manager, Consumer International Expansion San Diego, California Apply Now","$141,800.00 - $236,400.00","$141,800.00","$236,400.00",Website,https://careers.dexcom.com/careers?domain=dexcom.com&start=0&location=San+Diego%2C+CA%2C+United+States&pid=38281788&sort_by=distance&filter_distance=80&filter_include_remote=1,Dexcom Careers and Job Opportunities
Dexcom,Sr Manager Regulatory Affairs,"$141,800.00 - $236,400.00","$141,800.00","$236,400.00",Website,https://careers.dexcom.com/careers?domain=dexcom.com&start=0&location=San+Diego%2C+CA%2C+United+States&pid=38281790&sort_by=distance&filter_distance=80&filter_include_remote=1,Dexcom Careers and Job Opportunities
Dexcom,Senior Product Manager – Next-Gen Biosensors,"$141,800.00 - $236,400.00","$141,800.00","$236,400.00",Website,https://careers.dexcom.com/careers?domain=dexcom.com&start=0&location=San+Diego%2C+CA%2C+United+States&pid=38298391&sort_by=distance&filter_distance=80&filter_include_remote=1,Dexcom Careers and Job Opportunities
Dexcom,Sr Medical Affairs Specialist - Regulatory Writing and Scientific Communications,"$95,900.00 - $159,900.00","$95,900.00","$159,900.00",Website,https://careers.dexcom.com/careers?domain=dexcom.com&start=0&location=San+Diego%2C+CA%2C+United+States&pid=38303576&sort_by=distance&filter_distance=80&filter_include_remote=1,Dexcom Careers and Job Opportunities
Dexcom,Lead HEOR Specialist,"$122,500.00 - $204,100.00","$122,500.00","$204,100.00",Website,https://careers.dexcom.com/careers?domain=dexcom.com&start=10&location=San+Diego%2C+CA%2C+United+States&pid=38327758&sort_by=distance&filter_distance=80&filter_include_remote=1,Dexcom Careers and Job Opportunities
Dexcom,Manager of Finance Systems and Reporting,"$122,500.00 - $204,100.00","$122,500.00","$204,100.00",Website,https://careers.dexcom.com/careers?domain=dexcom.com&start=10&location=San+Diego%2C+CA%2C+United+States&pid=38328582&sort_by=distance&filter_distance=80&filter_include_remote=1,Dexcom Careers and Job Opportunities
Dexcom,Director Product Management,"$172,400.00 - $287,300.00","$172,400.00","$287,300.00",Website,https://careers.dexcom.com/careers?domain=dexcom.com&start=10&location=San+Diego%2C+CA%2C+United+States&pid=38353575&sort_by=distance&filter_distance=80&filter_include_remote=1,Dexcom Careers and Job Opportunities
Dexcom,Sr Mechanical Engineer,"$95,900.00 - $159,900.00","$95,900.00","$159,900.00",Website,https://careers.dexcom.com/careers?domain=dexcom.com&start=10&location=San+Diego%2C+CA%2C+United+States&pid=38423560&sort_by=distance&filter_distance=80&filter_include_remote=1,Dexcom Careers and Job Opportunities
Dexcom,Staff Process Engineer,"$111,100.00 - $185,100.00","$111,100.00","$185,100.00",Website,https://careers.dexcom.com/careers?domain=dexcom.com&start=10&location=San+Diego%2C+CA%2C+United+States&pid=38423561&sort_by=distance&filter_distance=80&filter_include_remote=1,Dexcom Careers and Job Opportunities
Dexcom,Senior Staff Scientist - New Analyte Technology Lead,"$156,400.00 - $260,600.00","$156,400.00","$260,600.00",Website,https://careers.dexcom.com/careers?domain=dexcom.com&start=10&location=San+Diego%2C+CA%2C+United+States&pid=38431267&sort_by=distance&filter_distance=80&filter_include_remote=1,Dexcom Careers and Job Opportunities
Dexcom,Product Manager - Dexcom Clarity,"$122,500.00 - $204,100.00","$122,500.00","$204,100.00",Website,https://careers.dexcom.com/careers?domain=dexcom.com&start=10&location=San+Diego%2C+CA%2C+United+States&pid=38447070&sort_by=distance&filter_distance=80&filter_include_remote=1,Dexcom Careers and Job Opportunities
Dexcom,Staff Process Engineer,"$111,100.00 - $185,100.00","$111,100.00","$185,100.00",Website,https://careers.dexcom.com/careers?domain=dexcom.com&start=10&location=San+Diego%2C+CA%2C+United+States&pid=38506365&sort_by=distance&filter_distance=80&filter_include_remote=1,Dexcom Careers and Job Opportunities
Dexcom,Staff Process Engineer,"$116,600.00 - $194,400.00","$116,600.00","$194,400.00",Website,https://careers.dexcom.com/careers?domain=dexcom.com&start=10&location=San+Diego%2C+CA%2C+United+States&pid=38517167&sort_by=distance&filter_distance=80&filter_include_remote=1,Dexcom Careers and Job Opportunities
Dexcom,Manager Global Security Engineering,"$164,200.00 - $273,600.00","$164,200.00","$273,600.00",Website,https://careers.dexcom.com/careers?domain=dexcom.com&start=10&location=San+Diego%2C+CA%2C+United+States&pid=38545958&sort_by=distance&filter_distance=80&filter_include_remote=1,Dexcom Careers and Job Opportunities
Dexcom,Staff Data Engineer,"$128,600.00 - $214,400.00","$128,600.00","$214,400.00",Website,https://careers.dexcom.com/careers?domain=dexcom.com&start=20&location=San+Diego%2C+CA%2C+United+States&pid=37796900&sort_by=distance&filter_distance=80&filter_include_remote=1,Dexcom Careers and Job Opportunities
Dexcom,Staff Medical Device Engineer,"$128,600.00 - $214,400.00","$128,600.00","$214,400.00",Website,https://careers.dexcom.com/careers?domain=dexcom.com&start=20&location=San+Diego%2C+CA%2C+United+States&pid=37805660&sort_by=distance&filter_distance=80&filter_include_remote=1,Dexcom Careers and Job Opportunities
Dexcom,Senior Staff Process Development Engineer,"$149,000.00 - $248,300.00","$149,000.00","$248,300.00",Website,https://careers.dexcom.com/careers?domain=dexcom.com&start=20&location=San+Diego%2C+CA%2C+United+States&pid=37817755&sort_by=distance&filter_distance=80&filter_include_remote=1,Dexcom Careers and Job Opportunities
Dexcom,Sr Product Manager - Customer Service & Support Solutions,"$141,800.00 - $236,400.00","$141,800.00","$236,400.00",Website,https://careers.dexcom.com/careers?domain=dexcom.com&start=20&location=San+Diego%2C+CA%2C+United+States&pid=38063062&sort_by=distance&filter_distance=80&filter_include_remote=1,Dexcom Careers and Job Opportunities
Dexcom,Sr Manager Treasury,"$135,100.00 - $225,100.00","$135,100.00","$225,100.00",Website,https://careers.dexcom.com/careers?domain=dexcom.com&start=20&location=San+Diego%2C+CA%2C+United+States&pid=38111765&sort_by=distance&filter_distance=80&filter_include_remote=1,Dexcom Careers and Job Opportunities
Dexcom,Sr Manager Automation Engineering,"$149,000.00 - $248,300.00","$149,000.00","$248,300.00",Website,https://careers.dexcom.com/careers?domain=dexcom.com&start=20&location=San+Diego%2C+CA%2C+United+States&pid=38217564&sort_by=distance&filter_distance=80&filter_include_remote=1,Dexcom Careers and Job Opportunities
Dexcom,"Product Manager, Clinical Services– Patient Safety & Clinical Support","$122,500.00 - $204,100.00","$122,500.00","$204,100.00",Website,https://careers.dexcom.com/careers?domain=dexcom.com&start=20&location=San+Diego%2C+CA%2C+United+States&pid=38260384&sort_by=distance&filter_distance=80&filter_include_remote=1,Dexcom Careers and Job Opportunities
Dexcom,Staff Mechanical Engineer,"$116,600.00 - $194,400.00","$116,600.00","$194,400.00",Website,https://careers.dexcom.com/careers?domain=dexcom.com&start=20&location=San+Diego%2C+CA%2C+United+States&pid=38260822&sort_by=distance&filter_distance=80&filter_include_remote=1,Dexcom Careers and Job Opportunities
Dexcom,Sr Mechanical Engineer,"$95,900.00 - $159,900.00","$95,900.00","$159,900.00",Website,https://careers.dexcom.com/careers?domain=dexcom.com&start=20&location=San+Diego%2C+CA%2C+United+States&pid=38308172&sort_by=distance&filter_distance=80&filter_include_remote=1,Dexcom Careers and Job Opportunities
Dexcom,"Manager, Enterprise Communications (Hybrid)","$105,800.00 - $176,300.00","$105,800.00","$176,300.00",Website,https://careers.dexcom.com/careers?domain=dexcom.com&start=20&location=San+Diego%2C+CA%2C+United+States&pid=38446073&sort_by=distance&filter_distance=80&filter_include_remote=1,Dexcom Careers and Job Opportunities
Dexcom,Commercial Pricing Analyst,"$61,900.00 - $103,100.00","$61,900.00","$103,100.00",Website,https://careers.dexcom.com/careers?domain=dexcom.com&start=30&location=San+Diego%2C+CA%2C+United+States&pid=38446073&sort_by=distance&filter_distance=80&filter_include_remote=1,Dexcom Careers and Job Opportunities
Dexcom,Staff Process Engineer,"$111,100.00 - $185,100.00","$111,100.00","$185,100.00",Website,https://careers.dexcom.com/careers?domain=dexcom.com&start=30&location=San+Diego%2C+CA%2C+United+States&pid=38650203&sort_by=distance&filter_distance=80&filter_include_remote=1,Dexcom Careers and Job Opportunities
Dexcom,Product Manager,"$122,500.00 - $204,100.00","$122,500.00","$204,100.00",Website,https://careers.dexcom.com/careers?domain=dexcom.com&start=30&location=San+Diego%2C+CA%2C+United+States&pid=38600257&sort_by=distance&filter_distance=80&filter_include_remote=1,Dexcom Careers and Job Opportunities
Dexcom,Sr Manager Accounting,"$128,600.00 - $214,400.00","$128,600.00","$214,400.00",Website,https://careers.dexcom.com/careers?domain=dexcom.com&start=30&location=San+Diego%2C+CA%2C+United+States&pid=38601292&sort_by=distance&filter_distance=80&filter_include_remote=1,Dexcom Careers and Job Opportunities
Dexcom,Senior Staff Test Equipment Development Engineer,"$135,100.00 - $225,100.00","$135,100.00","$225,100.00",Website,https://careers.dexcom.com/careers?domain=dexcom.com&start=30&location=San+Diego%2C+CA%2C+United+States&pid=30363827&sort_by=distance&filter_distance=80&filter_include_remote=1,Dexcom Careers and Job Opportunities
Dexcom,Staff Formulation Scientist,"$128,600.00 - $214,400.00","$128,600.00","$214,400.00",Website,https://careers.dexcom.com/careers?domain=dexcom.com&start=30&location=San+Diego%2C+CA%2C+United+States&pid=30552960&sort_by=distance&filter_distance=80&filter_include_remote=1,Dexcom Careers and Job Opportunities
Dexcom,Staff SW Development Engineer,"$135,100.00 - $225,100.00","$135,100.00","$225,100.00",Website,https://careers.dexcom.com/careers?domain=dexcom.com&start=30&location=San+Diego%2C+CA%2C+United+States&pid=30682102&sort_by=distance&filter_distance=80&filter_include_remote=1,Dexcom Careers and Job Opportunities
Dexcom,Staff Medical Device Engineer - Process Development,"$128,600.00 - $214,400.00","$128,600.00","$214,400.00",Website,https://careers.dexcom.com/careers?domain=dexcom.com&start=30&location=San+Diego%2C+CA%2C+United+States&pid=30948534&sort_by=distance&filter_distance=80&filter_include_remote=1,Dexcom Careers and Job Opportunities
Dexcom,Software QA Engineer 2,"$75,200.00 - $125,300.00","$75,200.00","$125,300.00",Website,https://careers.dexcom.com/careers?domain=dexcom.com&start=30&location=San+Diego%2C+CA%2C+United+States&pid=38950278&sort_by=distance&filter_distance=80&filter_include_remote=1,Dexcom Careers and Job Opportunities
Dexcom,Sr Process Development Engineer,"$91,400.00 - $152,300.00","$91,400.00","$152,300.00",Website,https://careers.dexcom.com/careers?domain=dexcom.com&start=30&location=San+Diego%2C+CA%2C+United+States&pid=38966407&sort_by=distance&filter_distance=80&filter_include_remote=1,Dexcom Careers and Job Opportunities
Dexcom,Senior Systems Engineer - Configuration Management,"$100,700.00 - $167,900.00","$100,700.00","$167,900.00",Website,https://careers.dexcom.com/careers?domain=dexcom.com&start=40&location=San+Diego%2C+CA%2C+United+States&pid=38744540&sort_by=distance&filter_distance=80&filter_include_remote=1,Dexcom Careers and Job Opportunities
Dexcom,Staff Process Engineer,"$111,100.00 - $185,100.00","$111,100.00","$185,100.00",Website,https://careers.dexcom.com/careers?domain=dexcom.com&start=40&location=San+Diego%2C+CA%2C+United+States&pid=38650202&sort_by=distance&filter_distance=80&filter_include_remote=1,Dexcom Careers and Job Opportunities
Dexcom,Financial Analyst - Commercial,"$65,000.00 - $108,300.00","$65,000.00","$108,300.00",Website,https://careers.dexcom.com/careers?domain=dexcom.com&start=40&location=San+Diego%2C+CA%2C+United+States&pid=39060707&sort_by=distance&filter_distance=80&filter_include_remote=1,Dexcom Careers and Job Opportunities
Dexcom,Manager Process Development Engineering,"$116,600.00 - $194,400.00","$116,600.00","$194,400.00",Website,https://careers.dexcom.com/careers?domain=dexcom.com&start=40&location=San+Diego%2C+CA%2C+United+States&pid=39097431&sort_by=distance&filter_distance=80&filter_include_remote=1,Dexcom Careers and Job Opportunities
Dexcom,Sr Sales Operations Analyst (Incentive Compensation) - Remote,"$87,000.00 - $145,000.00","$87,000.00","$145,000.00",Website,https://careers.dexcom.com/careers?domain=dexcom.com&start=40&location=San+Diego%2C+CA%2C+United+States&pid=37867846&sort_by=distance&filter_distance=80&filter_include_remote=1,Dexcom Careers and Job Opportunities
Dexcom,Director of Medical Device Engineering - Sensor Development,"$190,100.00 - $316,800.00","$190,100.00","$316,800.00",Website,https://careers.dexcom.com/careers?domain=dexcom.com&start=40&location=San+Diego%2C+CA%2C+United+States&pid=38689354&sort_by=distance&filter_distance=80&filter_include_remote=1,Dexcom Careers and Job Opportunities
Dexcom,Sr Manager Molding Engineering,"$149,000.00 - $248,300.00","$149,000.00","$248,300.00",Website,https://careers.dexcom.com/careers?domain=dexcom.com&start=40&location=San+Diego%2C+CA%2C+United+States&pid=38691824&sort_by=distance&filter_distance=80&filter_include_remote=1,Dexcom Careers and Job Opportunities
Dexcom,Staff Mechanical Engineer,"$116,600.00 - $194,400.00","$116,600.00","$194,400.00",Website,https://careers.dexcom.com/careers?domain=dexcom.com&start=40&location=San+Diego%2C+CA%2C+United+States&pid=38744538&sort_by=distance&filter_distance=80&filter_include_remote=1,Dexcom Careers and Job Opportunities
Dexcom,Manager Pricing ,"$111,100.00 - $185,100.00","$111,100.00","$185,100.00",Website,https://careers.dexcom.com/careers?domain=dexcom.com&start=40&location=San+Diego%2C+CA%2C+United+States&pid=38841482&sort_by=distance&filter_distance=80&filter_include_remote=1,Dexcom Careers and Job Opportunities
Dexcom,Sr QA Engineer,"$87,000.00 - $145,000.00","$87,000.00","$145,000.00",Website,https://careers.dexcom.com/careers?domain=dexcom.com&start=40&location=San+Diego%2C+CA%2C+United+States&pid=38886618&sort_by=distance&filter_distance=80&filter_include_remote=1,Dexcom Careers and Job Opportunities
Dexcom,Staff Process Development Engineer,"$111,100.00 - $185,100.00","$111,100.00","$185,100.00",Website,https://careers.dexcom.com/careers?domain=dexcom.com&start=50&location=San+Diego%2C+CA%2C+United+States&pid=38939173&sort_by=distance&filter_distance=80&filter_include_remote=1,Dexcom Careers and Job Opportunities
Dexcom,Staff Information Architect,"$116,600.00 - $194,400.00","$116,600.00","$194,400.00",Website,https://careers.dexcom.com/careers?domain=dexcom.com&start=50&location=San+Diego%2C+CA%2C+United+States&pid=38951157&sort_by=distance&filter_distance=80&filter_include_remote=1,Dexcom Careers and Job Opportunities
Dexcom,Sr Staff Process Development Engineer,"$135,100.00 - $225,100.00","$135,100.00","$225,100.00",Website,https://careers.dexcom.com/careers?domain=dexcom.com&start=50&location=San+Diego%2C+CA%2C+United+States&pid=38952524&sort_by=distance&filter_distance=80&filter_include_remote=1,Dexcom Careers and Job Opportunities
Dexcom,Senior Analytical Scientist,"$116,600.00 - $194,400.00","$116,600.00","$194,400.00",Website,https://careers.dexcom.com/careers?domain=dexcom.com&start=50&location=San+Diego%2C+CA%2C+United+States&pid=38999680&sort_by=distance&filter_distance=80&filter_include_remote=1,Dexcom Careers and Job Opportunities
Dexcom,"Manager, Partner Excellence","$116,600.00 - $194,400.00","$116,600.00","$194,400.00",Website,https://careers.dexcom.com/careers?domain=dexcom.com&start=50&location=San+Diego%2C+CA%2C+United+States&pid=39047096&sort_by=distance&filter_distance=80&filter_include_remote=1,Dexcom Careers and Job Opportunities
Dexcom,Senior Regulatory Affairs Specialist,"$91,400.00 - $152,300.00","$91,400.00","$152,300.00",Website,https://careers.dexcom.com/careers?domain=dexcom.com&start=50&location=San+Diego%2C+CA%2C+United+States&pid=39060785&sort_by=distance&filter_distance=80&filter_include_remote=1,Dexcom Careers and Job Opportunities
Dexcom,Sr Staff Process Development Engineer,"$135,100.00 - $225,100.00","$135,100.00","$225,100.00",Website,https://careers.dexcom.com/careers?domain=dexcom.com&start=50&location=San+Diego%2C+CA%2C+United+States&pid=39062911&sort_by=distance&filter_distance=80&filter_include_remote=1,Dexcom Careers and Job Opportunities
Dexcom,Financial Analyst - Commercial,"$65,000.00 - $108,300.00","$65,000.00","$108,300.00",Website,https://careers.dexcom.com/careers?domain=dexcom.com&start=50&location=San+Diego%2C+CA%2C+United+States&pid=39060707&sort_by=distance&filter_distance=80&filter_include_remote=1,Dexcom Careers and Job Opportunities
Dexcom,Manager Process Development Engineering,"$116,600.00 - $194,400.00","$116,600.00","$194,400.00",Website,https://careers.dexcom.com/careers?domain=dexcom.com&start=50&location=San+Diego%2C+CA%2C+United+States&pid=39097431&sort_by=distance&filter_distance=80&filter_include_remote=1,Dexcom Careers and Job Opportunities
Dexcom,Senior Systems Engineer - Configuration Management,"$100,700.00 - $167,900.00","$100,700.00","$167,900.00",Website,https://careers.dexcom.com/careers?domain=dexcom.com&start=50&location=San+Diego%2C+CA%2C+United+States&pid=38744540&sort_by=distance&filter_distance=80&filter_include_remote=1,Dexcom Careers and Job Opportunities
Dexcom,Sr Hardware Engineer,"$111,100.00 - $185,100.00","$111,100.00","$185,100.00",Website,https://careers.dexcom.com/careers?domain=dexcom.com&start=60&location=San+Diego%2C+CA%2C+United+States&pid=38753566&sort_by=distance&filter_distance=80&filter_include_remote=1,Dexcom Careers and Job Opportunities
Dexcom,Product Manager – Onboarding & Setup,"$122,500.00 - $204,100.00","$122,500.00","$204,100.00",Website,https://careers.dexcom.com/careers?domain=dexcom.com&start=60&location=San+Diego%2C+CA%2C+United+States&pid=38111376&sort_by=distance&filter_distance=80&filter_include_remote=1,Dexcom Careers and Job Opportunities
Dexcom,Manager Clinical Affairs,"$116,600.00 - $194,400.00","$116,600.00","$194,400.00",Website,https://careers.dexcom.com/careers?domain=dexcom.com&start=60&location=San+Diego%2C+CA%2C+United+States&pid=30892577&sort_by=distance&filter_distance=80&filter_include_remote=1,Dexcom Careers and Job Opportunities
Dexcom,Director Global Integrated Evidence Planning,"$190,100.00 - $316,800.00","$190,100.00","$316,800.00",Website,https://careers.dexcom.com/careers?domain=dexcom.com&start=60&location=San+Diego%2C+CA%2C+United+States&pid=38433645&sort_by=distance&filter_distance=80&filter_include_remote=1,Dexcom Careers and Job Opportunities
Dexcom,District Business Manager (Nebraska),"$122,500.00 - $204,100.00","$122,500.00","$204,100.00",Website,https://careers.dexcom.com/careers?domain=dexcom.com&start=60&location=San+Diego%2C+CA%2C+United+States&pid=38515393&sort_by=distance&filter_distance=80&filter_include_remote=1,Dexcom Careers and Job Opportunities
Dexcom,Sr Health Econ and Outcomes Res Specialist,"$95,900.00 - $159,900.00","$95,900.00","$159,900.00",Website,https://careers.dexcom.com/careers?domain=dexcom.com&start=60&location=San+Diego%2C+CA%2C+United+States&pid=38516212&sort_by=distance&filter_distance=80&filter_include_remote=1,Dexcom Careers and Job Opportunities
Dexcom,Sr Manager Biostatistics,"$156,400.00 - $260,600.00","$156,400.00","$260,600.00",Website,https://careers.dexcom.com/careers?domain=dexcom.com&start=60&location=San+Diego%2C+CA%2C+United+States&pid=38567812&sort_by=distance&filter_distance=80&filter_include_remote=1,Dexcom Careers and Job Opportunities
Dexcom,Staff Salesforce Applications Developer,"$111,100.00 - $185,100.00","$111,100.00","$185,100.00",Website,https://careers.dexcom.com/careers?domain=dexcom.com&start=60&location=San+Diego%2C+CA%2C+United+States&pid=38048343&sort_by=distance&filter_distance=80&filter_include_remote=1,Dexcom Careers and Job Opportunities
Dexcom,"Sr Product Manager, Clinical Services – Metabolic Health Platform & Insights Engine","$141,800.00 - $236,400.00","$141,800.00","$236,400.00",Website,https://careers.dexcom.com/careers?domain=dexcom.com&start=60&location=San+Diego%2C+CA%2C+United+States&pid=38201571&sort_by=distance&filter_distance=80&filter_include_remote=1,Dexcom Careers and Job Opportunities
Dexcom,Sr Enterprise Applications Developer,"$91,400.00 - $152,300.00","$91,400.00","$152,300.00",Website,https://careers.dexcom.com/careers/job/38259056?domain=dexcom.com,Dexcom Careers and Job Opportunities
Dexcom,eCommerce Platform Lead,"$135,100.00 - $225,100.00","$135,100.00","$225,100.00",Website,https://careers.dexcom.com/careers?domain=dexcom.com&start=70&location=San+Diego%2C+CA%2C+United+States&pid=38261368&sort_by=distance&filter_distance=80&filter_include_remote=1,Dexcom Careers and Job Opportunities
Dexcom,Sr Federal Business Manager - Northeast,"$116,600.00 - $194,400.00","$116,600.00","$194,400.00",Website,https://careers.dexcom.com/careers?domain=dexcom.com&start=70&location=San+Diego%2C+CA%2C+United+States&pid=38840757&sort_by=distance&filter_distance=80&filter_include_remote=1,Dexcom Careers and Job Opportunities
Dexcom,"Product Manager, Consumer, User Activation & Support (Remote)","$122,500.00 - $204,100.00","$122,500.00","$204,100.00",Website,https://careers.dexcom.com/careers?domain=dexcom.com&start=70&location=San+Diego%2C+CA%2C+United+States&pid=30664536&sort_by=distance&filter_distance=80&filter_include_remote=1,Dexcom Careers and Job Opportunities
Dexcom,Territory Business Manager - Reno,"$87,000.00 - $145,000.00","$87,000.00","$145,000.00",Website,https://careers.dexcom.com/careers?domain=dexcom.com&start=70&location=San+Diego%2C+CA%2C+United+States&pid=39063071&sort_by=distance&filter_distance=80&filter_include_remote=1,Dexcom Careers and Job Opportunities
Dexcom,Director Clinical Scientist,"$199,600.00 - $332,600.00","$199,600.00","$332,600.00",Website,https://careers.dexcom.com/careers?domain=dexcom.com&start=70&location=San+Diego%2C+CA%2C+United+States&pid=38950280&sort_by=distance&filter_distance=80&filter_include_remote=1,Dexcom Careers and Job Opportunities
Dexcom,Sr Lead Patient Support Services Analyst,"$135,100.00 - $225,100.00","$135,100.00","$225,100.00",Website,https://careers.dexcom.com/careers?domain=dexcom.com&start=70&location=San+Diego%2C+CA%2C+United+States&pid=39049356&sort_by=distance&filter_distance=80&filter_include_remote=1,Dexcom Careers and Job Opportunities
Procter & Gamble,Corporation Aviation Seminar,null,null,null,Website,N/A,P&G Careers
Procter & Gamble,Corporation Aviation Seminar - Seminar ,null,null,null,Website,N/A,P&G Careers
Procter & Gamble,Data Scientist,null,null,null,Website,N/A,P&G Careers
Procter & Gamble,Site Digital IT Manager (2026 Grads),null,null,null,Website,N/A,P&G Careers
Procter & Gamble,Masters Data Science Internship,null,null,null,Website,N/A,P&G Careers
Procter & Gamble,Advanced Analytics & Insights (Consumer & Market Knowledge) Internship - Summer 2026,null,null,null,Website,N/A,P&G Careers
Procter & Gamble,Analytics & Insights (Consumer & Market Knowledge) Internship - Summer 2026,null,null,null,Website,N/A,P&G Careers
Procter & Gamble,Sales Internship - Summer 2026,null,null,null,Website,N/A,P&G Careers
Procter & Gamble,Marketing Technology Intern,null,null,null,Website,N/A,P&G Careers
Procter & Gamble,Site IT Operations Intern,null,null,null,Website,N/A,P&G Careers
Procter & Gamble,Human Resources Internship,null,null,null,Website,N/A,P&G Careers
Procter & Gamble,IT Engineer Internship,null,null,null,Website,N/A,P&G Careers
Procter & Gamble,Project & Product Manager Intern,null,null,null,Website,N/A,P&G Careers
Procter & Gamble,Quality Assurance Digital Compliance Manager,null,null,null,Website,N/A,P&G Careers
Procter & Gamble,PhD R&D Intern - Odor Control Mechanisms,null,null,null,Website,N/A,P&G Careers
Procter & Gamble,R&D PhD Summer Intern - Robotics and Autonomous Lab Systems,null,null,null,Website,N/A,P&G Careers
Procter & Gamble,PhD R&D Intern - Synthetic Biology,null,null,null,Website,N/A,P&G Careers
Procter & Gamble,PhD R&D Intern - Biopolymer Innovation,null,null,null,Website,N/A,P&G Careers
Procter & Gamble,PhD Intern - Hair Care Detangling,null,null,null,Website,N/A,P&G Careers
Procter & Gamble,PhD Intern Hair Care - Scalp Mechanisms and Methods Innovation,null,null,null,Website,N/A,P&G Careers
Procter & Gamble,Senior Brand Management Internship ,null,null,null,Website,N/A,P&G Careers
Procter & Gamble,Research & Development Engineer Intern,null,null,null,Website,N/A,P&G Careers
Frito-Lay,Sanitor - Part-Time - 1st Shift,"$53,081.60","$53,081.60","$53,081.60",Website,https://portal.fritolayemployment.com/fritocareers/JobDetail?jobId=504286&recommendation=&jobName=Sanitor+-+Part-Time+-+1st+Shift&source=&tags=,Frito-Lay Careers
Frito-Lay,Sales Utility Representative,"$47,944.00","$47,944.00","$47,944.00",Website,https://portal.fritolayemployment.com/fritocareers/JobDetail?jobId=503836&recommendation=&jobName=Sales+Utility+Representative&source=&tags=,Frito-Lay Careers
Frito-Lay,Route Sales Representative,"$70,400","$70,400","$70,400",Website,https://portal.fritolayemployment.com/fritocareers/JobDetail?jobId=505046&recommendation=&jobName=Route+Sales+Representative&source=&tags=,Frito-Lay Careers
Frito-Lay,Route Sales Representative,"$70,400","$70,400","$70,400",Website,https://portal.fritolayemployment.com/fritocareers/JobDetail?jobId=504675&recommendation=&jobName=Route+Sales+Representative&source=&tags=,Frito-Lay Careers
Frito-Lay,Route Sales Representative,"$70,400","$70,400","$70,400",Website,https://portal.fritolayemployment.com/fritocareers/JobDetail?jobId=504679&recommendation=&jobName=Route+Sales+Representative&source=&tags=,Frito-Lay Careers
Frito-Lay,Route Sales Representative,"$70,400","$70,400","$70,400",Website,https://portal.fritolayemployment.com/fritocareers/JobDetail?jobId=504491&recommendation=&jobName=Route+Sales+Representative&source=&tags=,Frito-Lay Careers
Frito-Lay,Sales Utility Representative,"$70,400","$70,400","$70,400",Website,https://portal.fritolayemployment.com/fritocareers/JobDetail?jobId=504492&recommendation=&jobName=Route+Sales+Representative&source=&tags=,Frito-Lay Careers
Frito-Lay,Route Sales Representative,"$67,200","$67,200.00","$67,200.00",Website,https://portal.fritolayemployment.com/fritocareers/JobDetail?jobId=503835&recommendation=&jobName=Route+Sales+Representative&source=&tags=,Frito-Lay Careers
Frito-Lay,Route Sales Representative,"$76,800","$76,800.00","$76,800.00",Website,https://portal.fritolayemployment.com/fritocareers/JobDetail?jobId=503243&recommendation=&jobName=Route+Sales+Representative&source=&tags=,Frito-Lay Careers
Frito-Lay,Route Sales Representative,"$70,400","$70,400.00","$70,400.00",Website,https://portal.fritolayemployment.com/fritocareers/JobDetail?jobId=503111&recommendation=&jobName=Route+Sales+Representative&source=&tags=,Frito-Lay Careers
Frito-Lay,Route Sales Representative,"$80,000","$80,000.00","$80,000.00",Website,https://portal.fritolayemployment.com/fritocareers/JobDetail?jobId=500653&recommendation=&jobName=Route+Sales+Representative&source=&tags=,Frito-Lay Careers
Frito-Lay,Merchandiser - Seasonal,"$47,944.00","$47,944.00","$47,944.00",Website,https://portal.fritolayemployment.com/fritocareers/JobDetail?jobId=502986&recommendation=&jobName=Merchandiser+-+Seasonal&source=&tags=,Frito-Lay Careers
Frito-Lay,Merchandiser - Seasonal,"$54,496.00","$54,496.00","$54,496.00",Website,https://portal.fritolayemployment.com/fritocareers/JobDetail?jobId=500654&recommendation=&jobName=Merchandiser+-+Seasonal&source=&tags=,Frito-Lay Careers
Frito-Lay,Merchandiser,"$47,944.00","$47,944.00","$47,944.00",Website,https://portal.fritolayemployment.com/fritocareers/JobDetail?jobId=504677&recommendation=&jobName=Merchandiser&source=&tags=,Frito-Lay Careers
Frito-Lay,Merchandiser,"$52,832.00","$52,832.00","$52,832.00",Website,https://portal.fritolayemployment.com/fritocareers/JobDetail?jobId=502492&recommendation=&jobName=Merchandiser&source=&tags=,Frito-Lay Careers
Frito-Lay,Geographical Enterprise Solutions (GES) Part-Time Picker/Loader 4th Shift,"$50,668.80","$50,668.80","$50,668.80",Website,https://portal.fritolayemployment.com/fritocareers/JobDetail?jobId=505024&recommendation=&jobName=Geographical+Enterprise+Solutions+%28GES%29+Part-Time+Picker%2FLoader+4th+Shift&source=&tags=,Frito-Lay Careers
Frito-Lay,Detailer - Part-Time,"$40,560.00","$40,560.00","$40,560.00",Website,https://portal.fritolayemployment.com/fritocareers/JobDetail?jobId=504674&recommendation=&jobName=Detailer+-+Part-Time&source=&tags=,Frito-Lay Careers
Frito-Lay,Detailer - Part-Time,"$39,728.00","$39,728.00","$39,728.00",Website,https://portal.fritolayemployment.com/fritocareers/JobDetail?jobId=502968&recommendation=&jobName=Detailer+-+Part-Time&source=&tags=,Frito-Lay Careers
Frito-Lay,Detailer - Part-Time,"$38,376.00","$38,376.00","$38,376.00",Website,https://portal.fritolayemployment.com/fritocareers/JobDetail?jobId=501659&recommendation=&jobName=Detailer+-+Part-Time&source=&tags=,Frito-Lay Careers
Frito-Lay,Delivery Secialist (No CDL),"$67,184.00","$67,184.00","$67,184.00",Website,https://portal.fritolayemployment.com/fritocareers/JobDetail?jobId=505148&recommendation=&jobName=Delivery+Specialist+%28no+CDL%29&source=&tags=,Frito-Lay Careers
"Gusmer Enterprises, Inc.",Safety Coordinator - Part Time,"$58,240.00 - $66,560.00","$58,240.00","$66,560.00",Website,https://www.gusmerenterprises.com/career/safety-coordinator-part-time/,Careers | Gusmer Enterprise
"Gusmer Enterprises, Inc.",Industrial Maintenance Mechanic,"$62,400.00 - $72,800.00","$62,400.00","$72,800.00",Website,https://www.gusmerenterprises.com/career/industrial-maintenance-mechanic/,Careers | Gusmer Enterprise
Gallo Glass Company,Analyst 3 - Supply Chain Buyer,"$91,500.00 - $114,400.00","$91,500.00","$114,400.00",Website,https://careers.g3enterprises.com/job/Analyst-3-Supply-Chain-Buyer/15237-en_US,Gallo Glass Company Careers (AKA G3 Enterprises)
Gallo Glass Company,Talent Acquisition Partner,"$83,200.00 - $104,000.00","$83,200.00","$104,000.00",Website,https://careers.g3enterprises.com/job/Talent-Acquisition-Partner/15200-en_US,Gallo Glass Company Careers (AKA G3 Enterprises)
Golden State Foods,Maintenance Mechanic,"$63,377.60 - $70,449.60","$63,377.60","$70,449.60",Website,https://goldenstatefoods.ttcportals.com/jobs/17026331-maintenance-mechanic,Golden State Foods Careers
Golden State Foods,Warehouse Utility/Yard Driver - 2nd Shift,null,null,null,Website,https://goldenstatefoods.ttcportals.com/jobs/16861813-warehouse-utility-slash-yard-driver,Golden State Foods Careers
Golden State Foods,General Manager,"$131,000.00 - $195,000.00","$131,000.00","$195,000.00",Website,https://goldenstatefoods.ttcportals.com/jobs/16861813-warehouse-utility-slash-yard-driver,Golden State Foods Careers
Golden State Foods,Sr. Maintenance Supervisor (2nd Shift),"$90,000.00 - $110,000.00","$90,000.00","$110,000.00",Website,https://goldenstatefoods.ttcportals.com/jobs/16831365-sr-maintenance-supervisor-2nd-shift,Golden State Foods Careers
Golden State Foods,Sr. Applications Developer Analyst,"$125,000.00 - $135,000.00","$125,000.00","$135,000.00",Website,https://goldenstatefoods.ttcportals.com/jobs/16432545-sr-applications-developer-analyst,Golden State Foods Careers
"California Dairies, Inc.","Relief, Plant Person","$63,169.60","$63,169.60","$63,169.60",Website,https://jobs.dayforcehcm.com/en-US/cadry/CANDIDATEPORTAL/jobs/436,"Careers – California Dairies, Inc."
"California Dairies, Inc.",Sanitation,"$54,600.00","$54,600.00","$54,600.00",Website,https://jobs.dayforcehcm.com/en-US/cadry/CANDIDATEPORTAL/jobs/432,"Careers – California Dairies, Inc."
"California Dairies, Inc.","Supervisor, Warehouse","$72,499.00 - $107,769.00","$72,499.00","$107,769.00",Website,https://jobs.dayforcehcm.com/en-US/cadry/CANDIDATEPORTAL/jobs/408,"Careers – California Dairies, Inc."
"California Dairies, Inc.",Maintenance Supervisor,"$79,608.00 - $118,336.00","$79,608.00","$118,336.00",Website,https://jobs.dayforcehcm.com/en-US/cadry/CANDIDATEPORTAL/jobs/326,"Careers – California Dairies, Inc."
"California Dairies, Inc.","Plant Manager, Processing & Powder","$104,802.00 - $160,114.00","$104,802.00","$160,114.00",Website,https://jobs.dayforcehcm.com/en-US/cadry/CANDIDATEPORTAL/jobs/279,"Careers – California Dairies, Inc."
"California Dairies, Inc.",Maintenance Mechanic - Turlock South,null,null,null,Website,https://jobs.dayforcehcm.com/en-US/cadry/CANDIDATEPORTAL/jobs/246,"Careers – California Dairies, Inc."
"California Dairies, Inc.","Supervisor, Maintenance","$79,608.00 - $118,336.00","$79,608.00","$118,336.00",Website,https://jobs.dayforcehcm.com/en-US/cadry/CANDIDATEPORTAL/jobs/242,"Careers – California Dairies, Inc."
"California Dairies, Inc.",Continuous Improvement Manager,"$84,533.00 - $126,512.00","$84,533.00","$126,512.00",Website,https://jobs.dayforcehcm.com/en-US/cadry/CANDIDATEPORTAL/jobs/70,"Careers – California Dairies, Inc."
GrayMatter Robotics,Robotics Engineer: System and Applications,"$115,000.00 - $150,000.00","$115,000.00","$150,000.00",Website,https://jobs.ashbyhq.com/graymatter-robotics/d641a19c-c877-49b4-8740-a7fbb6c86888,GrayMatter Robotics Jobs
GrayMatter Robotics,"Robotics Engineer: System and Applications, New Grad","$90,000.00 - $115,000.00","$90,000.00","$115,000.00",Website,https://jobs.ashbyhq.com/graymatter-robotics/0d819d81-9013-485c-b3b2-b2253621ad8c,GrayMatter Robotics Jobs
GrayMatter Robotics,Robotics Engineering Intern: Systems & Applications,"$62,400.00 - $83,200.00","$62,400.00","$83,200.00",Website,https://jobs.ashbyhq.com/graymatter-robotics/b3ccaee6-9c32-428f-aba6-2819e3c1d9d6,GrayMatter Robotics Jobs
GrayMatter Robotics,Robotics Engineering Manager: Systems & Applications,"$200,000.00 - $220,000.00","$200,000.00","$220,000.00",Website,https://jobs.ashbyhq.com/graymatter-robotics/b17273ca-66a1-4e6c-968a-79ae9b71f4c1,GrayMatter Robotics Jobs
GrayMatter Robotics,Office Administrator,"$41,600.00 - $62,400.00","$41,600.00","$62,400.00",Website,https://jobs.ashbyhq.com/graymatter-robotics/4e46049a-a261-4f17-9ca3-b1d50c19f169,GrayMatter Robotics Jobs
GrayMatter Robotics,Warehouse Facilities Manager,"$110,000.00 - $145,000.00","$110,000.00","$145,000.00",Website,https://jobs.ashbyhq.com/graymatter-robotics/dc45a3bc-05df-4625-841b-b2da4b658111,GrayMatter Robotics Jobs
GrayMatter Robotics,"Robotics Engineer: Software, New Grad","$100,000.00 - $120,000.00","$100,000.00","$120,000.00",Website,https://jobs.ashbyhq.com/graymatter-robotics/9c82239a-1480-47db-9f5c-4113e829232c,GrayMatter Robotics Jobs
GrayMatter Robotics,Robotics Engineer: Systems & Applications,"$90,000.00 - $115,000.00","$90,000.00","$115,000.00",Website,https://jobs.ashbyhq.com/graymatter-robotics/33f2fffb-c16c-4714-836b-5c845879efe6,GrayMatter Robotics Jobs
GrayMatter Robotics,Robotics Engineering Intern: Software,"$72,800.00 - $93,600.00","$72,800.00","$93,600.00",Website,https://jobs.ashbyhq.com/graymatter-robotics/adf6d70d-df0a-4966-843b-614cb5038d01,GrayMatter Robotics Jobs
GrayMatter Robotics,Robotics Engineering Intern: Systems & Applications,"$62,400.00 - $83,200.00","$62,400.00","$83,200.00",Website,https://jobs.ashbyhq.com/graymatter-robotics/245b7097-9909-4fee-82c8-b9f0acf03f87,GrayMatter Robotics Jobs
GrayMatter Robotics,Senior Robotics Engineer: Paint,"$120,000.00 - $150,000.00","$120,000.00","$150,000.00",Website,https://jobs.ashbyhq.com/graymatter-robotics/1e23dcff-795b-44d3-bfe9-42348737e284,GrayMatter Robotics Jobs
GrayMatter Robotics,Senior Robotics Engineer: Software,"$130,000.00 - $165,000.00","$130,000.00","$165,000.00",Website,https://jobs.ashbyhq.com/graymatter-robotics/0db6809a-4ab7-40ea-ae20-d2dc743a17cb,GrayMatter Robotics Jobs
GrayMatter Robotics,Senior Robotics Engineer: Systems & Applications,"$115,000.00 - $150,000.00","$115,000.00","$150,000.00",Website,https://jobs.ashbyhq.com/graymatter-robotics/8156de98-57d3-453c-9305-59a154320add,GrayMatter Robotics Jobs
GrayMatter Robotics,Marketing Design Manager,"$85,000.00 - $135,000.00","$85,000.00","$135,000.00",Website,https://jobs.ashbyhq.com/graymatter-robotics/b8170427-2552-4fd0-b871-6b044d03a185,GrayMatter Robotics Jobs
GrayMatter Robotics,Automation Engineer,"$120,000.00 - $140,000.00","$120,000.00","$140,000.00",Website,https://jobs.ashbyhq.com/graymatter-robotics/8f5e099e-4f3f-4d3b-9e27-ed843428b048,GrayMatter Robotics Jobs
GrayMatter Robotics,Robotics Engineer: Process,"$80,000.00 - $100,000.00","$80,000.00","$100,000.00",Website,https://jobs.ashbyhq.com/graymatter-robotics/d640abb0-1e36-4fc7-9d30-d6dbd19e9c13,GrayMatter Robotics Jobs
GrayMatter Robotics,"Robotics Engineer: Software, New Grad","$100,000.00 - $115,000.00","$100,000.00","$115,000.00",Website,https://jobs.ashbyhq.com/graymatter-robotics/0f138dde-13df-492b-bff6-618401ada94d,GrayMatter Robotics Jobs
GrayMatter Robotics,Robotics Engineering Intern: Software,"$72,800.00 - $93,600.00","$72,800.00","$93,600.00",Website,https://jobs.ashbyhq.com/graymatter-robotics/dea0f08d-ebf5-4e55-b9cb-e6302014f429,GrayMatter Robotics Jobs
GrayMatter Robotics,Senior Robotics Engineer: Motion Planning,"$130,000.00 - $190,000.00","$130,000.00","$190,000.00",Website,https://jobs.ashbyhq.com/graymatter-robotics/2f63fe0b-e2e5-467e-b9ff-2c9153b3910c,GrayMatter Robotics Jobs
Stanislaus Food Products Co.,Customer Relations Manager,"$90,000.00 - $105,000.00","$90,000.00","$105,000.00",Website,https://recruiting2.ultipro.com/STA1045STAFP/JobBoard/647cb3f9-edae-414e-a5fe-c4a67c86dd6a/OpportunityDetail?opportunityId=3b63df6e-1159-411c-b51b-1ac2ca214b72,Stanislaus Food Products Careers
Stanislaus Food Products Co.,Seasonal Safety Clerk,"$45,240.00 - $46,800.00","$45,240.00","$46,800.00",Website,https://recruiting2.ultipro.com/STA1045STAFP/JobBoard/647cb3f9-edae-414e-a5fe-c4a67c86dd6a/OpportunityDetail?opportunityId=c4269281-a065-4adf-9f2d-fbec5f5b502d,Stanislaus Food Products Careers
Stanislaus Food Products Co.,Electrician,"$81,203.20","$81,203.20","$81,203.20",Website,https://recruiting2.ultipro.com/STA1045STAFP/JobBoard/647cb3f9-edae-414e-a5fe-c4a67c86dd6a/OpportunityDetail?opportunityId=3a762350-0c20-459d-bf34-717490dd5c75,Stanislaus Food Products Careers
Stanislaus Food Products Co.,System Administrator,"$95,000.00 - $120,000.00","$95,000.00","$120,000.00",Website,https://recruiting2.ultipro.com/STA1045STAFP/JobBoard/647cb3f9-edae-414e-a5fe-c4a67c86dd6a/OpportunityDetail?opportunityId=823979e6-a53b-4147-bb34-5e4eafb07790,Stanislaus Food Products Careers
Stanislaus Food Products Co.,Business Development Representative - Northern Virginia,"$60,000","$60,000.00","$60,000.00",Website,https://recruiting2.ultipro.com/STA1045STAFP/JobBoard/647cb3f9-edae-414e-a5fe-c4a67c86dd6a/OpportunityDetail?opportunityId=39b5264d-ccbf-40dc-a9cf-594781ca045d,Stanislaus Food Products Careers
Kaiser Aluminum,Maintenance Supervisor,null,null,null,Website,https://myjobs.adp.com/kaisercareers/cx/job-listing?FIELD1=California,Kaiser Aluminum Careers
Kaiser Aluminum,Continuous Improvement Manager,"$150,000.00 - $180,000.00","$150,000.00","$180,000.00",Website,https://myjobs.adp.com/kaisercareers/cx/job-listing?FIELD1=California,Kaiser Aluminum Careers
Kaiser Aluminum,Master-Master Maintenance Technician ,"$83,200.00","$83,200.00","$83,200.00",Website,https://myjobs.adp.com/kaisercareers/cx/job-listing?FIELD1=California,Kaiser Aluminum Careers
Boeing,Lead Manufacturing Engineer,"$129,200.00 - $174,800.00","$129,200.00","$174,800.00",Website,https://jobs.boeing.com/job/los-angeles/lead-manufacturing-engineer/185/89064253888,Boeing Careers
Boeing,Systems Engineer Lead,"$138,550.00 - $187,450.00","$138,550.00","$187,450.00",Website,https://jobs.boeing.com/job/los-angeles/systems-engineer-lead-or-senior/185/88882208608,Boeing Careers
Boeing,Systems Engineer Senior,"$165,750.00 - $224,250.00","$165,750.00","$224,250.00",Website,https://jobs.boeing.com/job/los-angeles/systems-engineer-lead-or-senior/185/88882208608,Boeing Careers
Boeing,Space Communications Payload Systems Engineer Lead,"$138,550.00 - $187,450.00","$138,550.00","$187,450.00",Website,https://jobs.boeing.com/job/los-angeles/space-communications-payload-systems-engineer-lead-or-senior/185/88882208560,Boeing Careers
Boeing,Space Communications Payload Systems Engineer Senior,"$165,750.00 - $224,250.00","$165,750.00","$224,250.00",Website,https://jobs.boeing.com/job/los-angeles/space-communications-payload-systems-engineer-lead-or-senior/185/88882208560,Boeing Careers
Boeing,ASIC/FPGA Design Engineering Manager,"$141,100.00 - $190,900.00","$141,100.00","$190,900.00",Website,https://jobs.boeing.com/job/los-angeles/asic-fpga-design-engineering-manager/185/88873270256,Boeing Careers
Boeing,Associate Manufacturing Engineer - Electrical,"$89,250.00 - $120,750.00","$89,250.00","$120,750.00",Website,https://jobs.boeing.com/job/los-angeles/associate-manufacturing-engineer-electrical/185/88873255536,Boeing Careers
Boeing,Production Control Support (Materials Management)-2,"$73,100.00 - $90,300.00","$73,100.00","$90,300.00",Website,https://jobs.boeing.com/job/los-angeles/production-control-support-materials-management-2/185/88836294064,Boeing Careers
Boeing,Labor Relations Specialist Experienced,"$96,050.00 - $129,950.00","$96,050.00","$129,950.00",Website,https://jobs.boeing.com/job/los-angeles/labor-relations-specialist-experienced-or-senior/185/88699480320,Boeing Careers
Boeing,Labor Relations Specialist Senior,"$119,000.00 - $161,000.00","$119,000.00","$161,000.00",Website,https://jobs.boeing.com/job/los-angeles/labor-relations-specialist-experienced-or-senior/185/88699480320,Boeing Careers
Boeing,Senior Business Operations Lead Level 4,"$120,700.00 - $163,300.00","$120,700.00","$163,300.00",Website,https://jobs.boeing.com/job/los-angeles/senior-business-operations-lead/185/88649527968,Boeing Careers
Boeing,Senior Business Operations Lead Level 5,"$151,300.00 - $204,700.00","$151,300.00","$204,700.00",Website,https://jobs.boeing.com/job/los-angeles/senior-business-operations-lead/185/88649527968,Boeing Careers
Boeing,Systems Architect - Model Based Systems Engineer (MBSE) Experienced,"$114,750.00 - $155,250.00","$114,750.00","$155,250.00",Website,https://jobs.boeing.com/job/los-angeles/systems-architect-model-based-systems-engineer-mbse-experienced-or-lead/185/88616600832,Boeing Careers
Boeing,Systems Architect - Model Based Systems Engineer (MBSE) Lead,"$138,550.00 - $187,450.00","$138,550.00","$187,450.00",Website,https://jobs.boeing.com/job/los-angeles/systems-architect-model-based-systems-engineer-mbse-experienced-or-lead/185/88616600832,Boeing Careers
Boeing,Construction Project Management Specialist Associate,"$78,200.00 - $105,800.00","$78,200.00","$105,800.00",Website,https://jobs.boeing.com/job/los-angeles/construction-project-management-specialist-associate-or-experienced/185/88550945040,Boeing Careers
Boeing,Construction Project Management Specialist Experienced,"$96,900.00 - $131,100.00","$96,900.00","$131,100.00",Website,https://jobs.boeing.com/job/los-angeles/construction-project-management-specialist-associate-or-experienced/185/88550945040,Boeing Careers
Boeing,Space Communications and Sensor Payload Systems Engineer Associate,"$94,350.00 - $127,650.00","$94,350.00","$127,650.00",Website,https://jobs.boeing.com/job/los-angeles/space-communications-and-sensor-payload-systems-engineer-associate-experienced-lead/185/88387812512,Boeing Careers
Boeing,Space Communications and Sensor Payload Systems Engineer Experienced,"$114,750.00 - $155,250.00","$114,750.00","$155,250.00",Website,https://jobs.boeing.com/job/los-angeles/space-communications-and-sensor-payload-systems-engineer-associate-experienced-lead/185/88387812512,Boeing Careers
Boeing,Space Communications and Sensor Payload Systems Engineer Lead,"$138,550.00 - $187,450.00","$138,550.00","$187,450.00",Website,https://jobs.boeing.com/job/los-angeles/space-communications-and-sensor-payload-systems-engineer-associate-experienced-lead/185/88387812512,Boeing Careers
Boeing,Information Technology Manager,"$134,300.00 - $194,350.00","$134,300.00","$194,350.00",Website,https://jobs.boeing.com/job/los-angeles/information-technology-manager/185/88289454688,Boeing Careers
Boeing,Metrology Test & Evaluation Engineer Associate,"$89,250.00 - $120,750.00","$89,250.00","$120,750.00",Website,https://jobs.boeing.com/job/los-angeles/metrology-test-and-evaluation-engineer-associate-or-mid-level/185/88280236704,Boeing Careers
Boeing,Metrology Test & Evaluation Engineer Mid-Level,"$105,400.00 - $142,600.00","$105,400.00","$142,600.00",Website,https://jobs.boeing.com/job/los-angeles/metrology-test-and-evaluation-engineer-associate-or-mid-level/185/88280236704,Boeing Careers
Boeing,Deputy Software Integrated Product Team (IPT) Senior,"$191,250.00 - $258,750.00","$191,250.00","$258,750.00",Website,https://jobs.boeing.com/job/los-angeles/deputy-software-integrated-product-team-ipt-lead/185/88168137504,Boeing Careers
Boeing,Deputy Software Integrated Product Team (IPT) Lead,"$234,600.00 - $317,000.00","$234,600.00","$317,000.00",Website,https://jobs.boeing.com/job/los-angeles/deputy-software-integrated-product-team-ipt-lead/185/88168137504,Boeing Careers
Boeing,Mid-Level Quality Engineer,"$94,350.00 - $127,650.00","$94,350.00","$127,650.00",Website,https://jobs.boeing.com/job/los-angeles/mid-level-quality-engineer/185/87595311760,Boeing Careers
Boeing,Command & Control Software Architect Lead,"$167,450.00 - $226,550.00","$167,450.00","$226,550.00",Website,https://jobs.boeing.com/job/los-angeles/command-and-control-software-architect/185/87496502816,Boeing Careers
Boeing,Command & Control Software Architect Principal,"$193,800.00 - $262,200.00","$193,800.00","$262,200.00",Website,https://jobs.boeing.com/job/los-angeles/command-and-control-software-architect/185/87496502816,Boeing Careers
Boeing,Thermal Lab Mechanical Engineer Mid-Level,"$102,000.00 - $138,000.00","$102,000.00","$138,000.00",Website,https://jobs.boeing.com/job/los-angeles/thermal-lab-mechanical-engineer-mid-level-or-senior/185/87013173456,Boeing Careers
Boeing,Thermal Lab Mechanical Engineer Senior,"$124,100.00 - $167,900.00","$124,100.00","$167,900.00",Website,https://jobs.boeing.com/job/los-angeles/thermal-lab-mechanical-engineer-mid-level-or-senior/185/87013173456,Boeing Careers
Boeing,Project Management Manager,"$119,850.00 - $162,150.00","$119,850.00","$162,150.00",Website,https://jobs.boeing.com/job/los-angeles/project-management-manager/185/86855949360,Boeing Careers
Boeing,Software Engineer Mid-Level,"$102,850.00 - $139,150.00","$102,850.00","$139,150.00",Website,https://jobs.boeing.com/job/los-angeles/software-engineer-mid-level-or-senior/185/86518141040,Boeing Careers
Boeing,Software Engineer Senior,"$128,350.00 - $173,650.00","$128,350.00","$173,650.00",Website,https://jobs.boeing.com/job/los-angeles/software-engineer-mid-level-or-senior/185/86518141040,Boeing Careers
Boeing,Mid-Level Facilities Mechanical HVAC Engineer,"$108,800.00 - $147,200.00","$108,800.00","$147,200.00",Website,https://jobs.boeing.com/job/los-angeles/mid-level-facilities-mechanical-hvac-engineer/185/85974563488,Boeing Careers
Boeing,Deputy Chief Engineer,"$124,100.00 - $167,900.00","$124,100.00","$167,900.00",Website,https://jobs.boeing.com/job/los-angeles/deputy-chief-engineer/185/85919688240,Boeing Careers
Boeing,Senior Software Engineers - Systems,"$136,850.00 - $185,150.00","$136,850.00","$185,150.00",Website,https://jobs.boeing.com/job/los-angeles/senior-software-engineers-systems/185/85327420816,Boeing Careers
Boeing,Experienced Mechanisms Engineer,"$102,000.00 - $138,000.00","$102,000.00","$138,000.00",Website,https://jobs.boeing.com/job/los-angeles/experienced-mechanisms-engineer/185/85174693168,Boeing Careers
Boeing,Software Engineer Developer Experienced El Segundo,"$114,750.00 - $155,250.00","$114,750.00","$155,250.00",Website,https://jobs.boeing.com/job/los-angeles/software-engineer-developer-experienced-or-senior-level/185/84808570608,Boeing Careers
Boeing,Software Engineer Developer Senior El Segundo,"$136,850.00 - $185,150.00","$136,850.00","$185,150.00",Website,https://jobs.boeing.com/job/los-angeles/software-engineer-developer-experienced-or-senior-level/185/84808570608,Boeing Careers
Boeing,Software Engineer Developer Experienced Seal Beach,"$114,750.00 - $155,250.00","$114,750.00","$155,250.00",Website,https://jobs.boeing.com/job/los-angeles/software-engineer-developer-experienced-or-senior-level/185/84808570608,Boeing Careers
Boeing,Software Engineer Developer Senior Seal Beach,"$136,850.00 - $185,150.00","$136,850.00","$185,150.00",Website,https://jobs.boeing.com/job/los-angeles/software-engineer-developer-experienced-or-senior-level/185/84808570608,Boeing Careers
Boeing,Design and Analysis Engineer (Communication / Network Systems Design) Senior Level,"$138,550.00 - $187,450.00","$138,550.00","$187,450.00",Website,https://jobs.boeing.com/job/los-angeles/design-and-analysis-engineer-communication-network-systems-design-senior-level/185/84712662448,Boeing Careers
Boeing,Satellite Data Systems Full-Stack Software Engineers Experienced,"$114,750.00 - $155,250.00","$114,750.00","$155,250.00",Website,https://jobs.boeing.com/job/los-angeles/satellite-data-systems-full-stack-software-engineers-experienced-senior/185/84641505568,Boeing Careers
Boeing,Satellite Data Systems Full-Stack Software Engineers Seniors,"$136,850.00 - $185,150.00","$136,850.00","$185,150.00",Website,https://jobs.boeing.com/job/los-angeles/satellite-data-systems-full-stack-software-engineers-experienced-senior/185/84641505568,Boeing Careers
Boeing,Flight Software Engineer Associate,"$93,000.00 - $125,000.00","$93,000.00","$125,000.00",Website,https://jobs.boeing.com/job/los-angeles/flight-software-engineer-associate-experienced-senior/185/82529846960,Boeing Careers
Boeing,Flight Software Engineer Experienced,"$115,000.00 - $155,000.00","$115,000.00","$155,000.00",Website,https://jobs.boeing.com/job/los-angeles/flight-software-engineer-associate-experienced-senior/185/82529846960,Boeing Careers
Boeing,Flight Software Engineer Senior,"$137,000.00 - $185,000.00","$137,000.00","$185,000.00",Website,https://jobs.boeing.com/job/los-angeles/flight-software-engineer-associate-experienced-senior/185/82529846960,Boeing Careers
Boeing,DevSecOps Lead Software Engineer,"$130,900.00 - $177,100.00","$130,900.00","$177,100.00",Website,https://jobs.boeing.com/job/los-angeles/flight-software-engineer-associate-experienced-senior/185/82529846960,Boeing Careers
Boeing,Software Process Lead Engineer,"$136,850.00 - $185,150.00","$136,850.00","$185,150.00",Website,https://jobs.boeing.com/job/los-angeles/software-process-lead-engineer/185/82479011488,Boeing Careers
Boeing,Thermal Lab Electrical Engineer Mid-Level,"$104,550.00 - $141,450.00","$104,550.00","$141,450.00",Website,https://jobs.boeing.com/job/los-angeles/thermal-lab-electrical-engineer-mid-level-or-senior/185/82397684656,Boeing Careers
Boeing,Thermal Lab Electrical Engineer Senior,"$126,650.00 - $171,350.00","$126,650.00","$171,350.00",Website,https://jobs.boeing.com/job/los-angeles/thermal-lab-electrical-engineer-mid-level-or-senior/185/82397684656,Boeing Careers
Boeing,Experienced Hardware Subsystems Engineer,"$102,850.00 - $139,150.00","$102,850.00","$139,150.00",Website,https://jobs.boeing.com/job/los-angeles/experienced-hardware-subsystems-engineer/185/82200873952,Boeing Careers
Boeing,Senior Test Program Manager,"$166,600.00 - $225,400.00","$166,600.00","$225,400.00",Website,https://jobs.boeing.com/job/los-angeles/senior-test-program-manager/185/82146090160,Boeing Careers
Boeing,Computer Architect/Embedded Computing Systems Design Engineer Lead ,"$126,650.00 - $171,350.00","$126,650.00","$171,350.00",Website,https://jobs.boeing.com/job/los-angeles/computer-architect-embedded-computing-systems-design-engineer-lead-or-senior/185/80908490880,Boeing Careers
Boeing,Computer Architect/Embedded Computing Systems Design Engineer Senior,"$155,550.00 - $210,450.00","$155,550.00","$210,450.00",Website,https://jobs.boeing.com/job/los-angeles/computer-architect-embedded-computing-systems-design-engineer-lead-or-senior/185/80908490880,Boeing Careers
Boeing,Solar Panel/Array Process Manufacturing Engineer Experienced,"$105,400.00 - $142,600.00","$105,400.00","$142,600.00",Website,https://jobs.boeing.com/job/los-angeles/solar-panel-array-process-manufacturing-engineer-experienced-or-senior/185/88019641792,Boeing Careers
Boeing,Solar Panel/Array Process Manufacturing Engineer Senior,"$129,200.00 - $174,800.00","$129,200.00","$174,800.00",Website,https://jobs.boeing.com/job/los-angeles/solar-panel-array-process-manufacturing-engineer-experienced-or-senior/185/88019641792,Boeing Careers
Boeing,Business Analyst - Human Capital Management Experienced,"$92,650.00 - $134,550.00","$92,650.00","$134,550.00",Website,https://jobs.boeing.com/job/chicago/business-analyst-human-capital-management-experienced-or-senior/185/88873271008,Boeing Careers
Boeing,Business Analyst - Human Capital Management Senior,"$115,600.00 - $167,900.00","$115,600.00","$167,900.00",Website,https://jobs.boeing.com/job/chicago/business-analyst-human-capital-management-experienced-or-senior/185/88873271008,Boeing Careers
Boeing,Senior Project Management Specialist (Organizational Change Management),"$130,900.00 - $204,700.00","$130,900.00","$204,700.00",Website,https://jobs.boeing.com/job/everett/senior-project-management-specialist-organizational-change-management/185/88868969856,Boeing Careers
Boeing,Software Asset Management Manager,"$124,950.00 - $194,350.00","$124,950.00","$194,350.00",Website,https://jobs.boeing.com/job/seattle/software-asset-management-manager/185/88868964048,Boeing Careers
Boeing,Data & AI Platform Activation Senior Manager,"$174,250.00 - $251,850.00","$174,250.00","$251,850.00",Website,https://jobs.boeing.com/job/seattle/data-and-ai-platform-activation-senior-manager/185/88845954768,Boeing Careers
Boeing,Senior Compliance Lead Senior,"$113,050.00 - $163,300.00","$113,050.00","$163,300.00",Website,https://jobs.boeing.com/job/berkeley/senior-compliance-lead/185/88845953184,Boeing Careers
Boeing,Senior Compliance Lead Lead,"$141,000.00 - $204,700.00","$141,000.00","$204,700.00",Website,https://jobs.boeing.com/job/berkeley/senior-compliance-lead/185/88845953184,Boeing Careers
Boeing,Experienced Facilities Analyst,"$86,700.00 - $123,350.00","$86,700.00","$123,350.00",Website,https://jobs.boeing.com/job/everett/experienced-facilities-analyst/185/88794868112,Boeing Careers
Boeing,Material Estimating and Pricing Specialist Experienced,"$102,600.00 - $125,400.00","$102,600.00","$125,400.00",Website,https://jobs.boeing.com/job/seal-beach/material-estimating-and-pricing-specialist-experienced-or-senior/185/88690713408,Boeing Careers
Boeing,Material Estimating and Pricing Specialist Senior,"$127,800.00 - $156,200.00","$127,800.00","$156,200.00",Website,https://jobs.boeing.com/job/seal-beach/material-estimating-and-pricing-specialist-experienced-or-senior/185/88690713408,Boeing Careers
Boeing,Material Estimating and Pricing Specialist Experienced,"$102,600.00 - $125,400.00","$102,600.00","$125,400.00",Website,https://jobs.boeing.com/job/seal-beach/material-estimating-and-pricing-specialist-experienced-or-senior/185/88690712096,Boeing Careers
Boeing,Material Estimating and Pricing Specialist Senior,"$127,800.00 - $156,200.00","$127,800.00","$156,200.00",Website,https://jobs.boeing.com/job/seal-beach/material-estimating-and-pricing-specialist-experienced-or-senior/185/88690712096,Boeing Careers
Boeing,Experienced Facilities Analyst,"$86,700.00 - $123,350.00","$86,700.00","$123,350.00",Website,https://jobs.boeing.com/job/renton/experienced-facilities-analyst/185/88662877072,Boeing Careers
Boeing,Lead Program Administrator,"$113,050.00 - $163,300.00","$113,050.00","$163,300.00",Website,https://jobs.boeing.com/job/everett/lead-program-administrator/185/88616601792,Boeing Careers
Boeing,Mid-Level Security Design Specialist,"$97,750.00 - $152,950.00","$97,750.00","$152,950.00",Website,https://jobs.boeing.com/job/seattle/mid-level-security-design-specialist/185/88579071520,Boeing Careers
Boeing,Guidance Navigation & Control Engineer Experienced,"$114,750.00 - $155,250.00","$114,750.00","$155,250.00",Website,https://jobs.boeing.com/job/seal-beach/guidance-navigation-and-control-engineer-experienced-lead-senior/185/88289459360,Boeing Careers
Boeing,Guidance Navigation & Control Engineer Lead,"$138,550.00 - $187,450.00","$138,550.00","$187,450.00",Website,https://jobs.boeing.com/job/seal-beach/guidance-navigation-and-control-engineer-experienced-lead-senior/185/88289459360,Boeing Careers
Boeing,Guidance Navigation & Control Engineer Senior,"$165,750.00 - $224,250.00","$165,750.00","$224,250.00",Website,https://jobs.boeing.com/job/seal-beach/guidance-navigation-and-control-engineer-experienced-lead-senior/185/88289459360,Boeing Careers
Boeing,Senior DevOps Developer Level 4,"$123,250.00 - $208,750.00","$123,250.00","$208,750.00",Website,https://jobs.boeing.com/job/seattle/senior-devops-developer/185/88139497392,Boeing Careers
Boeing,Senior DevOps Developer Level 5,"$148,750.00 - $251,250.00","$148,750.00","$251,250.00",Website,https://jobs.boeing.com/job/seattle/senior-devops-developer/185/88139497392,Boeing Careers
Boeing,Senior Cloud Solutions Architect Level 5,"$148,750.00 - $251,250.00","$148,750.00","$251,250.00",Website,https://jobs.boeing.com/job/seattle/senior-cloud-solutions-architect/185/88139497376,Boeing Careers
Boeing,Senior Cloud Solutions Architect Level 6,"$174,250.00 - $293,750.00","$174,250.00","$293,750.00",Website,https://jobs.boeing.com/job/seattle/senior-cloud-solutions-architect/185/88139497376,Boeing Careers
Boeing,Senior Cloud Solutions Architect,"$124,950.00 - $211,250.00","$124,950.00","$211,250.00",Website,https://jobs.boeing.com/job/seattle/senior-cloud-solutions-architect/185/88139497360,Boeing Careers
Boeing,Senior Cloud Solutions Architect Level 5,"$148,750.00 - $251,250.00","$148,750.00","$251,250.00",Website,https://jobs.boeing.com/job/seattle/senior-cloud-solutions-architect/185/88139497344,Boeing Careers
Boeing,Senior Cloud Solutions Architect Level 6,"$174,250.00 - $293,750.00","$174,250.00","$293,750.00",Website,https://jobs.boeing.com/job/seattle/senior-cloud-solutions-architect/185/88139497344,Boeing Careers
Boeing,Senior Machine Learning Architect Level 5,"$148,750.00 - $251,250.00","$148,750.00","$251,250.00",Website,https://jobs.boeing.com/job/seattle/senior-machine-learning-architect/185/88139497328,Boeing Careers
Boeing,Senior Machine Learning Architect Level 6,"$174,250.00 - $293,750.00","$174,250.00","$293,750.00",Website,https://jobs.boeing.com/job/seattle/senior-machine-learning-architect/185/88139497328,Boeing Careers
Boeing,"Senior Software Architect, Space Mission Systems","$170,000.00 - $246,100.00","$170,000.00","$246,100.00",Website,https://jobs.boeing.com/job/colorado-springs/senior-software-architect-space-mission-systems/185/88065177104,Boeing Careers
Boeing,Senior Security Design Specialist,"$146,200.00 - $227,700.00","$146,200.00","$227,700.00",Website,https://jobs.boeing.com/job/seattle/senior-security-design-specialist/185/88015376800,Boeing Careers
Boeing,Enterprise Human Factors Investigator Mid-Level,"$107,100.00 - $155,250.00","$107,100.00","$155,250.00",Website,https://jobs.boeing.com/job/berkeley/enterprise-human-factors-investigator-mid-level-lead-or-senior/185/89064270448,Boeing Careers
Boeing,Enterprise Human Factors Investigator Lead,"$129,200.00 - $187,450.00","$129,200.00","$187,450.00",Website,https://jobs.boeing.com/job/berkeley/enterprise-human-factors-investigator-mid-level-lead-or-senior/185/89064270448,Boeing Careers
Boeing,Enterprise Human Factors Investigator Senior,"$154,700.00 - $224,250.00","$154,700.00","$224,250.00",Website,https://jobs.boeing.com/job/berkeley/enterprise-human-factors-investigator-mid-level-lead-or-senior/185/89064270448,Boeing Careers
Boeing,Senior Quality Engineer (Regulatory Regulations),"$116,450.00 - $157,550.00","$116,450.00","$157,550.00",Website,https://jobs.boeing.com/job/seal-beach/senior-quality-engineer-regulatory-regulations/185/89064266560,Boeing Careers
Boeing,Associate Quality Systems Specialist (Regulatory Regulations),"$77,350.00 - $104,650.00","$77,350.00","$104,650.00",Website,https://jobs.boeing.com/job/seal-beach/associate-quality-systems-specialist-regulatory-regulations/185/89064266544,Boeing Careers
Boeing,Extended Operations Performance Standards (ETOPS) Engineer Level 3,"$114,750.00 - $155,250.00","$114,750.00","$155,250.00",Website,https://jobs.boeing.com/job/long-beach/extended-operations-performance-standards-etops-engineer-mid-level-or-senior/185/88873269088,Boeing Careers
Boeing,Extended Operations Performance Standards (ETOPS) Engineer Level 4,"$138,550.00 - $187,450.00","$138,550.00","$187,450.00",Website,https://jobs.boeing.com/job/long-beach/extended-operations-performance-standards-etops-engineer-mid-level-or-senior/185/88873269088,Boeing Careers
Boeing,Extended Operations Performance Standards (ETOPS) Engineer Level 5,"$165,750.00 - $224,250.00","$165,750.00","$224,250.00",Website,https://jobs.boeing.com/job/long-beach/extended-operations-performance-standards-etops-engineer-mid-level-or-senior/185/88873269088,Boeing Careers
Boeing,Systems Engineering Manager (Systems Engineering Management) ,"$147,050.00 - $198,950.00","$147,050.00","$198,950.00",Website,https://jobs.boeing.com/job/long-beach/systems-engineering-manager-systems-engineering-management/185/88873266544,Boeing Careers
Boeing,Associate Supply Chain Specialist (Asset Manager),"$73,950.00 - $100,050.00","$73,950.00","$100,050.00",Website,https://jobs.boeing.com/job/long-beach/associate-supply-chain-specialist-asset-manager/185/88845953696,Boeing Careers
Boeing,Experienced Procurement Analyst,"$90,950.00 - $123,050.00","$90,950.00","$123,050.00",Website,https://jobs.boeing.com/job/long-beach/experienced-procurement-analyst/185/88699480256,Boeing Careers
Boeing,Software Project Engineering Lead,"$212,500.00 - $287,500.00","$212,500.00","$287,500.00",Website,https://jobs.boeing.com/job/long-beach/software-project-engineering-lead/185/88588098736,Boeing Careers
Boeing,Software Emgineer - Embedded (Embedded) Level 2,"$105,400.00 - $142,600.00","$105,400.00","$142,600.00",Website,https://jobs.boeing.com/job/long-beach/software-engineer-embedded-embedded/185/88401179792,Boeing Careers
Boeing,Software Emgineer - Embedded (Embedded) Level 3,"$131,750.00 - $178,250.00","$131,750.00","$178,250.00",Website,https://jobs.boeing.com/job/long-beach/software-engineer-embedded-embedded/185/88401179792,Boeing Careers
Boeing,Senior Service Reliability Specialist,"$144,500.00 - $209,300.00","$144,500.00","$209,300.00",Website,https://jobs.boeing.com/job/tukwila/senior-service-reliability-specialist/185/88065182720,Boeing Careers
Boeing,Quality Systems Specialist (Quality Systems Specialist - General) Level 3,"$86,700.00 - $117,300.00","$86,700.00","$117,300.00",Website,https://jobs.boeing.com/job/englewood/quality-systems-specialist-quality-systems-specialist-general/185/87224721216,Boeing Careers
Boeing,Quality Systems Specialist (Quality Systems Specialist - General) Level 4,"$107,100.00 - $144,900.00","$107,100.00","$144,900.00",Website,https://jobs.boeing.com/job/englewood/quality-systems-specialist-quality-systems-specialist-general/185/87224721216,Boeing Careers
Boeing,Design and Analysis Engineer (Electronic Sys Design & Analy),"$102,850.00 - $139,150.00","$102,850.00","$139,150.00",Website,https://jobs.boeing.com/job/long-beach/design-and-analysis-engineer-electronic-sys-design-and-analy/185/86998772016,Boeing Careers
Boeing,Project Management Specialist - Contractual & Data Services ,"$80,000.00 - $86,500.00","$80,000.00","$86,500.00",Website,https://jobs.boeing.com/job/seal-beach/project-management-specialist-contractual-and-data-services/185/89064272480,Boeing Careers
Boeing,Experienced Estimating & Pricing Specialist,"$102,600.00 - $125,400.00","$102,600.00","$125,400.00",Website,https://jobs.boeing.com/job/seal-beach/experienced-estimating-and-pricing-specialist/185/88882208704,Boeing Careers
Boeing,Senior Solution Cloud Architect,"$115,600.00 - $167,900.00","$115,600.00","$167,900.00",Website,https://jobs.boeing.com/job/seattle/senior-solution-cloud-architect/185/88873264480,Boeing Careers
Boeing,Senior Manager - Environmental Remediation,"$174,250.00 - $235,750.00","$174,250.00","$235,750.00",Website,https://jobs.boeing.com/job/seal-beach/senior-manager-environmental-remediation/185/88868974368,Boeing Careers
Boeing,Senior Legal Analyst Level 4,"$118,150.00 - $171,350.00","$118,150.00","$171,350.00",Website,https://jobs.boeing.com/job/seattle/senior-legal-analyst/185/88690713552,Boeing Careers
Boeing,Senior Legal Analyst Level 5,"$136,000.00 - $196,650.00","$136,000.00","$196,650.00",Website,https://jobs.boeing.com/job/seattle/senior-legal-analyst/185/88690713552,Boeing Careers
Boeing,Reliability Data Analytics Engineer Level 2,"$89,250.00 - $120,750.00","$89,250.00","$120,750.00",Website,https://jobs.boeing.com/job/seal-beach/reliability-data-analytics-engineer-associate-or-mid-level/185/88662885424,Boeing Careers
Boeing,Reliability Data Analytics Engineer Level 3,"$105,400.00 - $142,600.00","$105,400.00","$142,600.00",Website,https://jobs.boeing.com/job/seal-beach/reliability-data-analytics-engineer-associate-or-mid-level/185/88662885424,Boeing Careers
Boeing,Senior Versatile Technologist,"$112,200.00 - $162,150.00","$112,200.00","$162,150.00",Website,https://jobs.boeing.com/job/mesa/senior-versatile-technologist/185/88616597056,Boeing Careers
Boeing,Agile Software Engineer (Experienced),"$119,000.00 - $172,500.00","$119,000.00","$172,500.00",Website,https://jobs.boeing.com/job/herndon/agile-software-engineer-experienced/185/88579078704,Boeing Careers
Boeing,Agile Software Engineer (Experienced),"$119,750.00 - $172,500.00","$119,750.00","$172,500.00",Website,https://jobs.boeing.com/job/herndon/agile-software-engineer-experienced-senior/185/88579078560,Boeing Careers
Boeing,Agile Software Engineer (Senior),"$146,200.00 - $211.600.00","$146,200.00",$211.600.00,Website,https://jobs.boeing.com/job/herndon/agile-software-engineer-experienced-senior/185/88579078560,Boeing Careers
Boeing,Mid-Level Integrated Planning and Scheduling Analyst Seal Beach,"$96,900.00 - $131,100.00","$96,900.00","$131,100.00",Website,https://jobs.boeing.com/job/titusville/mid-level-integrated-planning-and-scheduling-analyst/185/88579078240,Boeing Careers
Boeing,Experienced Contracts Paralegal,"$107,100.00 - $155,250.00","$107,100.00","$155,250.00",Website,https://jobs.boeing.com/job/seattle/experienced-contracts-paralegal/185/88429716320,Boeing Careers
Boeing,Product Review Engineer,"$142,355.00","$142,355.00","$142,355.00",Website,https://jobs.boeing.com/job/seal-beach/product-review-engineer/185/88118333248,Boeing Careers
Boeing,Programmer Analyst,"$144,414.00","$144,414.00","$144,414.00",Website,https://jobs.boeing.com/job/seal-beach/programmer-analyst/185/88102127424,Boeing Careers
Boeing,Senior Project Engineer - Service Related Problems Level 4,"$138,550.00 - $187,450.00","$138,550.00","$187,450.00",Website,https://jobs.boeing.com/job/seal-beach/senior-project-engineer-service-related-problems-srp/185/88065169312,Boeing Careers
Boeing,Senior Project Engineer - Service Related Problems Level 5,"$166,750.00 - $224,250.00","$166,750.00","$224,250.00",Website,https://jobs.boeing.com/job/seal-beach/software-engineer-developer-mid-level-senior/185/83041569232,Boeing Careers
Boeing,Software Engineer Developer Mid-Level,"$114,750.00 - $155,250.00","$114,750.00","$155,250.00",Website,https://jobs.boeing.com/job/seal-beach/software-engineer-developer-mid-level-senior/185/83041569232,Boeing Careers
Boeing,Software Engineer Developer Senior,"$136,850.00 - $185,150.00","$136,850.00","$185,150.00",Website,https://jobs.boeing.com/job/seal-beach/software-engineer-developer-mid-level-senior/185/83041569232,Boeing Careers
Boeing,Facilities Project Planner Level 3,"$92,650.00 - $125,350.00","$92,650.00","$125,350.00",Website,https://jobs.boeing.com/job/huntington-beach/facilities-project-planner-mid-level-or-senior/185/88612175328,Boeing Careers
Boeing,Facilities Project Planner Level 4,"$116,450.00 - $157,550.00","$116,450.00","$157,550.00",Website,https://jobs.boeing.com/job/huntington-beach/facilities-project-planner-mid-level-or-senior/185/88612175328,Boeing Careers
Boeing,Senior Finance Manager,"$177,650.00 - $240,350.00","$177,650.00","$240,350.00",Website,https://jobs.boeing.com/job/huntington-beach/senior-finance-manager/185/88438685856,Boeing Careers
Boeing,SAP Technical Project Lead Level 4,"$117,300.00 - $170,200.00","$117,300.00","$170,200.00",Website,https://jobs.boeing.com/job/seattle/sap-technical-project-lead/185/88019644176,Boeing Careers
Boeing,SAP Technical Project Lead Level 5,"$140,250.00 - $203,550.00","$140,250.00","$203,550.00",Website,https://jobs.boeing.com/job/seattle/sap-technical-project-lead/185/88019644176,Boeing Careers
Boeing,Senior Software Engineer Huntington Beach,"$136,850.00 - $185,150.00","$136,850.00","$185,150.00",Website,https://jobs.boeing.com/job/north-charleston/senior-software-engineer/185/84060737584,Boeing Careers
Boeing,Senior Software Engineer Berkeley,"$127,500.00 - $172,500.00","$127,500.00","$172,500.00",Website,https://jobs.boeing.com/job/north-charleston/senior-software-engineer/185/84060737584,Boeing Careers
Boeing,Business Development Manager,"$152,000.00 - $195,000.00","$152,000.00","$195,000.00",Website,https://jobs.boeing.com/job/maryland-heights/business-development-manager/185/88052118992,Boeing Careers
Boeing,Software Security Engineer Experienced,"$94,350.00 - $146,050.00","$94,350.00","$146,050.00",Website,https://jobs.boeing.com/job/orlando/software-security-engineer-experienced-or-senior-virtual/185/87224725248,Boeing Careers
Boeing,Software Security Engineer Senior,"$114,750.00 - $178,250.00","$114,750.00","$178,250.00",Website,https://jobs.boeing.com/job/orlando/software-security-engineer-experienced-or-senior-virtual/185/87224725248,Boeing Careers
Boeing,Yocto Linux Software Engineer (Virtual) Mid-Level,"$102,850.00 - $159,850.00","$102,850.00","$159,850.00",Website,https://jobs.boeing.com/job/mesa/yocto-linux-mid-level-senior-software-engineer-virtual/185/86866225168,Boeing Careers
Boeing,Yocto Linux Software Engineer (Virtual) Senior,"$123,250.00 - $192,050.00","$123,250.00","$192,050.00",Website,https://jobs.boeing.com/job/mesa/yocto-linux-mid-level-senior-software-engineer-virtual/185/86866225168,Boeing Careers
